id	assertion	independentTest	fixtureBinding	qualification	status
01	All decoded widths	FontHexGlyphBoundsTest.everyAdmittedColumnAndRowMatchesOriginalScalarBounds	UnihexBoundsWorkEvidence.verify	Loaded font raw metrics	Pending
02	First source column	FontHexGlyphBoundsTest.everyAdmittedColumnAndRowMatchesOriginalScalarBounds	LeftEdge rows R011-R015,R041-R045,R071-R075,R101-R105	Scalar bit oracle	Pending
03	Final source column	FontHexGlyphBoundsTest.everyAdmittedColumnAndRowMatchesOriginalScalarBounds	RightEdge rows R016-R020,R046-R050,R076-R080,R106-R110	Scalar bit oracle	Pending
04	Isolated interior inclusive bounds	FontHexGlyphBoundsTest.everyAdmittedColumnAndRowMatchesOriginalScalarBounds	CenteredSparse geometry rows	Scalar bit/pixel oracle	Pending
05	Disjoint row extrema	FontHexGlyphBoundsTest.everyAdmittedColumnAndRowMatchesOriginalScalarBounds	DisjointExtrema geometry rows	Scalar bit/pixel oracle	Pending
06	Zero rows and extra transparent column	FontHexGlyphBoundsTest.completePublicRastersAndRawMetricBitsMatchAcrossCachePolicies	Empty geometry rows	Exact complete ARGB/Float bits	Pending
07	Full rows and width32 high bit	FontHexGlyphBoundsTest.upperUnusedBitsAndSignedRowsCannotCreateSourceInk	AllInk geometry rows	Unsigned Long scalar reference	Pending
08	First/last row only	FontHexGlyphBoundsTest.everyAdmittedColumnAndRowMatchesOriginalScalarBounds	Single-column all-row unit corpus	All sixteen rows independently	Pending
09	Alternating full/empty	FontHexGlyphBoundsTest.completePublicRastersAndRawMetricBitsMatchAcrossCachePolicies	patterns(width) alternating input	Scalar bit/pixel oracle	Pending
10	Deterministic sparse combinations	FontHexGlyphBoundsTest.upperUnusedBitsAndSignedRowsCannotCreateSourceInk;FontHexGlyphBoundsTest.completePublicRastersAndRawMetricBitsMatchAcrossCachePolicies	Fixed Random seeds 286 and 286+width	Scalar bit/pixel oracle	Pending
11	Independent original scalar oracle	FontHexGlyphBoundsTest.scalarInk;FontHexGlyphBoundsTest.scalarBounds	UnihexBoundsAssets.scalarInk;UnihexBoundsAssets.scalarBounds	Never calls changed ink/bounds as expected-value source	Pending
12	Defensive copied row ownership	FontHexGlyphBoundsTest.callerMutationCannotChangeAnyOwnedRowOrOldBounds	Old glyph after caller-array mutation	Exact old bound and source-bit checks	Pending
13	Noncodec input and unused bits	FontHexGlyphBoundsTest.nonCodecWidthsKeepOriginalShiftWrappingAndColumnCutoff;FontHexGlyphBoundsTest.upperUnusedBitsAndSignedRowsCannotCreateSourceInk	Negative/zero/nonstandard widths; row counts 0,1,15,16,17	Original scalar fallback and JVM shift semantics	Pending
14	Absent sparse early return	MinecraftFontGlyphTest.missingGlyphOutlineIsNativeAndSpaceProvidersHaveNoPixels	R124 AbsentSparseGlyph; WorkEvidence.main R124	External actual bounds/resolveGlyph trace	Pending
15	First winning override bypass	FontHexGlyphBoundsTest.orderedNonwinningAndOverlappingOverridesKeepInclusivePadding	R125 MatchingOverride; WorkEvidence.main R125	External actual bounds/resolveGlyph trace	Pending
16	Ordered nonwinner natural path	FontHexGlyphBoundsTest.orderedNonwinningAndOverlappingOverridesKeepInclusivePadding	R126 NoMatchingOverride; WorkEvidence.main R126	External actual bounds/resolveGlyph trace	Pending
17	Unsorted overlaps/endpoints/padding	FontHexGlyphBoundsTest.orderedNonwinningAndOverlappingOverridesKeepInclusivePadding;MinecraftFontGlyphTest.unihexOverridesPadBothSidesOutsideTheNativeBitfieldWithTransparency	matching.json exact ordered list	Scalar crop and endpoint A/C/D controls	Pending
18	Integer/fractional capability	FontHexGlyphBoundsTest.completePublicRastersAndRawMetricBitsMatchAcrossCachePolicies	Every geometry PublicUncachedGlyph and CompleteDirtyTextFrame	Exact raw Float bits	Pending
19	Complete ARGB/crop/bearing/offset	FontHexGlyphBoundsTest.completePublicRastersAndRawMetricBitsMatchAcrossCachePolicies	UnihexBoundsWorkEvidence.checkGlyph;checkFrame	Independent scalar pixels; loaded shadow/bold parity	Pending
20	Checked width and image failure order	FontHexGlyphBoundsTest.checkedSelectedWidthFailsBeforeImageAllocationAndEmptyPaddingConsumesItsFullLimit	Extreme winning override and exact 9x16 empty payload ceiling	Expected ArithmeticException and image-limit failure	Pending
21	Malformed source and budgets	MinecraftFontLoadLimitsTest;MinecraftFontPngLimitsTest;MinecraftFontSnapshotTest	Full affected archive/source/diagnostic test classes	Current-revision JVM results	Pending
22	Disabled repeated raster misses	FontHexGlyphBoundsTest.completePublicRastersAndRawMetricBitsMatchAcrossCachePolicies	48 PublicUncachedGlyph rows; WorkEvidence.verifyGlyph	External actual bounds/raster trace; distinct full images	Pending
23	Cold first use and bounded eviction	MinecraftFontEngineTest.glyphEntryAndPixelBudgetsStayBoundedAcrossArbitraryNewScalars	R121,R122,R130; WorkEvidence.verifyControl	Actual miss trace plus one-entry/current-state checks	Pending
24	Warm cache skips natural bounds	FontHexGlyphBoundsTest.completePublicRastersAndRawMetricBitsMatchAcrossCachePolicies	R123 WarmRasterHit; WorkEvidence.main R123	Actual zero-bounds trace; default cache primed	Pending
25	Other providers/filter/fallback order	MinecraftFontSnapshotTest.higherPacksAndEarlierProvidersWinWhileLowerPacksSupplyMissingScalars;MinecraftFontSnapshotTest.outerReferenceFiltersOverrideInnerConditionsAtTheirOriginalPosition;MinecraftFontGlyphTest.trueTypeSettingsAndSkipScalarsAreAppliedBeforeCallingTheFace;MinecraftFontGlyphTest.invalidDisabledBitmapFailsPreflightOnceWithoutUsingEarlierSpaceProviders	R127 TrueType;R128 Bitmap	Independent real native font/PNG parity; repeat stability alone is insufficient	Pending
26	Complete dirty/clean Text and input	MinecraftUiHostTest.focusedInputIsFirstFrameGatedAndReacquiredAfterTransientDetach	UnihexBoundsWorkEvidence.verifyText;checkFrame; TextState.pointer;R131	Independent full pixels density1,2,3; geometry/semantics/shared work traces	Pending
27	Load/use/close/replacement costs	MinecraftUiHostTest.sharedFontSnapshotCreatesIndependentHostBackendsAndCaches	R129,R130,R132	Complete operation boundaries and actual method/work traces	Pending
28	Wrong thread and owner isolation	FontHexGlyphBoundsTest.actualForeignThreadAndCleanupFailureCannotInvalidateDetachedUnihexPixels;MinecraftFontEngineTest.foreignThreadsCannotReadOrCloseTheOwnerEngine;MinecraftUiHostTest.everyOperationRejectsTheWrongThreadIncludingRepeatedClose	Independent engines and shared immutable source	Real foreign-thread execution; applicable native owners separately	Pending
29	Callback/failure/detach/terminal	MinecraftUiHostTest.recursiveCloseIsNoOpWhileCleanupMetadataReadRejects;MinecraftUiHostTest.contentFailureClosesTheFontBackendBeforePlatformAndPreservesCleanupFailures;MinecraftUiHostTest.inputAndCloseFailuresPreserveExactIdentityAndCleanupOrder;MinecraftFontGlyphTest.propagatedRasterFailuresStillPermitCompleteScopedCleanup	TextState.reattach; accepted #237 prerequisite if selected identically for both sides	Actual owner/failure/callback traces and loaded native lifetime; source/JVM construction is insufficient	Pending
30	Old glyph validity and bounded state	FontHexGlyphBoundsTest.actualForeignThreadAndCleanupFailureCannotInvalidateDetachedUnihexPixels;FontRasterOwnershipTest.uncachedUnihexKeepsCompleteInclusivePaddingAfterReplacementAndClose	WorkEvidence.verifyGlyph;verifyText;ControlState.close	Old complete image after close; current cache gauges; no new request history	Pending
