fixture	width	packedRows	scalars	archive	document
W8Empty	8	0,0,0,0,0,0,0,0,0,0,0,0,0,0,0,0	0041,0042	W8Empty.zip	W8Empty.json
W8AllInk	8	FF,FF,FF,FF,FF,FF,FF,FF,FF,FF,FF,FF,FF,FF,FF,FF	0041,0042	W8AllInk.zip	W8AllInk.json
W8LeftEdge	8	80,80,80,80,80,80,80,80,80,80,80,80,80,80,80,80	0041,0042	W8LeftEdge.zip	W8LeftEdge.json
W8RightEdge	8	1,1,1,1,1,1,1,1,1,1,1,1,1,1,1,1	0041,0042	W8RightEdge.zip	W8RightEdge.json
W8CenteredSparse	8	10,0,0,10,0,0,10,0,0,10,0,0,10,0,0,10	0041,0042	W8CenteredSparse.zip	W8CenteredSparse.json
W8DisjointExtrema	8	40,0,0,0,0,0,0,0,0,0,0,0,0,0,0,2	0041,0042	W8DisjointExtrema.zip	W8DisjointExtrema.json
W16Empty	16	0,0,0,0,0,0,0,0,0,0,0,0,0,0,0,0	0041,0042	W16Empty.zip	W16Empty.json
W16AllInk	16	FFFF,FFFF,FFFF,FFFF,FFFF,FFFF,FFFF,FFFF,FFFF,FFFF,FFFF,FFFF,FFFF,FFFF,FFFF,FFFF	0041,0042	W16AllInk.zip	W16AllInk.json
W16LeftEdge	16	8000,8000,8000,8000,8000,8000,8000,8000,8000,8000,8000,8000,8000,8000,8000,8000	0041,0042	W16LeftEdge.zip	W16LeftEdge.json
W16RightEdge	16	1,1,1,1,1,1,1,1,1,1,1,1,1,1,1,1	0041,0042	W16RightEdge.zip	W16RightEdge.json
W16CenteredSparse	16	100,0,0,100,0,0,100,0,0,100,0,0,100,0,0,100	0041,0042	W16CenteredSparse.zip	W16CenteredSparse.json
W16DisjointExtrema	16	4000,0,0,0,0,0,0,0,0,0,0,0,0,0,0,2	0041,0042	W16DisjointExtrema.zip	W16DisjointExtrema.json
W24Empty	24	0,0,0,0,0,0,0,0,0,0,0,0,0,0,0,0	0041,0042	W24Empty.zip	W24Empty.json
W24AllInk	24	FFFFFF,FFFFFF,FFFFFF,FFFFFF,FFFFFF,FFFFFF,FFFFFF,FFFFFF,FFFFFF,FFFFFF,FFFFFF,FFFFFF,FFFFFF,FFFFFF,FFFFFF,FFFFFF	0041,0042	W24AllInk.zip	W24AllInk.json
W24LeftEdge	24	800000,800000,800000,800000,800000,800000,800000,800000,800000,800000,800000,800000,800000,800000,800000,800000	0041,0042	W24LeftEdge.zip	W24LeftEdge.json
W24RightEdge	24	1,1,1,1,1,1,1,1,1,1,1,1,1,1,1,1	0041,0042	W24RightEdge.zip	W24RightEdge.json
W24CenteredSparse	24	1000,0,0,1000,0,0,1000,0,0,1000,0,0,1000,0,0,1000	0041,0042	W24CenteredSparse.zip	W24CenteredSparse.json
W24DisjointExtrema	24	400000,0,0,0,0,0,0,0,0,0,0,0,0,0,0,2	0041,0042	W24DisjointExtrema.zip	W24DisjointExtrema.json
W32Empty	32	0,0,0,0,0,0,0,0,0,0,0,0,0,0,0,0	0041,0042	W32Empty.zip	W32Empty.json
W32AllInk	32	FFFFFFFF,FFFFFFFF,FFFFFFFF,FFFFFFFF,FFFFFFFF,FFFFFFFF,FFFFFFFF,FFFFFFFF,FFFFFFFF,FFFFFFFF,FFFFFFFF,FFFFFFFF,FFFFFFFF,FFFFFFFF,FFFFFFFF,FFFFFFFF	0041,0042	W32AllInk.zip	W32AllInk.json
W32LeftEdge	32	80000000,80000000,80000000,80000000,80000000,80000000,80000000,80000000,80000000,80000000,80000000,80000000,80000000,80000000,80000000,80000000	0041,0042	W32LeftEdge.zip	W32LeftEdge.json
W32RightEdge	32	1,1,1,1,1,1,1,1,1,1,1,1,1,1,1,1	0041,0042	W32RightEdge.zip	W32RightEdge.json
W32CenteredSparse	32	10000,0,0,10000,0,0,10000,0,0,10000,0,0,10000,0,0,10000	0041,0042	W32CenteredSparse.zip	W32CenteredSparse.json
W32DisjointExtrema	32	40000000,0,0,0,0,0,0,0,0,0,0,0,0,0,0,2	0041,0042	W32DisjointExtrema.zip	W32DisjointExtrema.json
Evicted8Integer	8	control	0041,0042	W8DisjointExtrema.zip	W8DisjointExtrema.json
Evicted32Fractional	32	control	0041,0042	W32DisjointExtrema.zip	W32DisjointExtrema.json
WarmRasterHit	32	control	0041,0042	W32DisjointExtrema.zip	W32DisjointExtrema.json
AbsentSparseGlyph	32	control	0041,0042	W32DisjointExtrema.zip	W32DisjointExtrema.json
MatchingOverride	32	control	0041,0042	W32DisjointExtrema.zip	matching.json
NoMatchingOverride	32	control	0041,0042	W32DisjointExtrema.zip	nonmatching.json
TrueType	0	control	0041	external:cc0-geometric-font	truetype.json
Bitmap	8	control	0041	control.png	bitmap.json
SnapshotLoad	32	control	0041,0042	W32DisjointExtrema.zip	W32DisjointExtrema.json
EngineLifecycle	32	control	0041,0042	W32DisjointExtrema.zip	W32DisjointExtrema.json
CleanTextFrame	32	control	0041,0042	W32DisjointExtrema.zip	W32DisjointExtrema.json
SnapshotReplacement	32	control	0041,0042	W32DisjointExtrema.zip,W32CenteredSparse.zip	W32DisjointExtrema.json,W32CenteredSparse.json
