row	side	repetition	CPU	allocation	naturalScans	rasterMisses	frameWork	receipt
R001	Baseline	0	Pending	Pending	Pending	Pending	Pending	Pending
R001	Baseline	1	Pending	Pending	Pending	Pending	Pending	Pending
R001	Baseline	2	Pending	Pending	Pending	Pending	Pending	Pending
R001	Candidate	0	Pending	Pending	Pending	Pending	Pending	Pending
R001	Candidate	1	Pending	Pending	Pending	Pending	Pending	Pending
R001	Candidate	2	Pending	Pending	Pending	Pending	Pending	Pending
R002	Baseline	0	Pending	Pending	Pending	Pending	Pending	Pending
R002	Baseline	1	Pending	Pending	Pending	Pending	Pending	Pending
R002	Baseline	2	Pending	Pending	Pending	Pending	Pending	Pending
R002	Candidate	0	Pending	Pending	Pending	Pending	Pending	Pending
R002	Candidate	1	Pending	Pending	Pending	Pending	Pending	Pending
R002	Candidate	2	Pending	Pending	Pending	Pending	Pending	Pending
R003	Baseline	0	Pending	Pending	Pending	Pending	Pending	Pending
R003	Baseline	1	Pending	Pending	Pending	Pending	Pending	Pending
R003	Baseline	2	Pending	Pending	Pending	Pending	Pending	Pending
R003	Candidate	0	Pending	Pending	Pending	Pending	Pending	Pending
R003	Candidate	1	Pending	Pending	Pending	Pending	Pending	Pending
R003	Candidate	2	Pending	Pending	Pending	Pending	Pending	Pending
R004	Baseline	0	Pending	Pending	Pending	Pending	Pending	Pending
R004	Baseline	1	Pending	Pending	Pending	Pending	Pending	Pending
R004	Baseline	2	Pending	Pending	Pending	Pending	Pending	Pending
R004	Candidate	0	Pending	Pending	Pending	Pending	Pending	Pending
R004	Candidate	1	Pending	Pending	Pending	Pending	Pending	Pending
R004	Candidate	2	Pending	Pending	Pending	Pending	Pending	Pending
R005	Baseline	0	Pending	Pending	Pending	Pending	Pending	Pending
R005	Baseline	1	Pending	Pending	Pending	Pending	Pending	Pending
R005	Baseline	2	Pending	Pending	Pending	Pending	Pending	Pending
R005	Candidate	0	Pending	Pending	Pending	Pending	Pending	Pending
R005	Candidate	1	Pending	Pending	Pending	Pending	Pending	Pending
R005	Candidate	2	Pending	Pending	Pending	Pending	Pending	Pending
R006	Baseline	0	Pending	Pending	Pending	Pending	Pending	Pending
R006	Baseline	1	Pending	Pending	Pending	Pending	Pending	Pending
R006	Baseline	2	Pending	Pending	Pending	Pending	Pending	Pending
R006	Candidate	0	Pending	Pending	Pending	Pending	Pending	Pending
R006	Candidate	1	Pending	Pending	Pending	Pending	Pending	Pending
R006	Candidate	2	Pending	Pending	Pending	Pending	Pending	Pending
R007	Baseline	0	Pending	Pending	Pending	Pending	Pending	Pending
R007	Baseline	1	Pending	Pending	Pending	Pending	Pending	Pending
R007	Baseline	2	Pending	Pending	Pending	Pending	Pending	Pending
R007	Candidate	0	Pending	Pending	Pending	Pending	Pending	Pending
R007	Candidate	1	Pending	Pending	Pending	Pending	Pending	Pending
R007	Candidate	2	Pending	Pending	Pending	Pending	Pending	Pending
R008	Baseline	0	Pending	Pending	Pending	Pending	Pending	Pending
R008	Baseline	1	Pending	Pending	Pending	Pending	Pending	Pending
R008	Baseline	2	Pending	Pending	Pending	Pending	Pending	Pending
R008	Candidate	0	Pending	Pending	Pending	Pending	Pending	Pending
R008	Candidate	1	Pending	Pending	Pending	Pending	Pending	Pending
R008	Candidate	2	Pending	Pending	Pending	Pending	Pending	Pending
R009	Baseline	0	Pending	Pending	Pending	Pending	Pending	Pending
R009	Baseline	1	Pending	Pending	Pending	Pending	Pending	Pending
R009	Baseline	2	Pending	Pending	Pending	Pending	Pending	Pending
R009	Candidate	0	Pending	Pending	Pending	Pending	Pending	Pending
R009	Candidate	1	Pending	Pending	Pending	Pending	Pending	Pending
R009	Candidate	2	Pending	Pending	Pending	Pending	Pending	Pending
R010	Baseline	0	Pending	Pending	Pending	Pending	Pending	Pending
R010	Baseline	1	Pending	Pending	Pending	Pending	Pending	Pending
R010	Baseline	2	Pending	Pending	Pending	Pending	Pending	Pending
R010	Candidate	0	Pending	Pending	Pending	Pending	Pending	Pending
R010	Candidate	1	Pending	Pending	Pending	Pending	Pending	Pending
R010	Candidate	2	Pending	Pending	Pending	Pending	Pending	Pending
R011	Baseline	0	Pending	Pending	Pending	Pending	Pending	Pending
R011	Baseline	1	Pending	Pending	Pending	Pending	Pending	Pending
R011	Baseline	2	Pending	Pending	Pending	Pending	Pending	Pending
R011	Candidate	0	Pending	Pending	Pending	Pending	Pending	Pending
R011	Candidate	1	Pending	Pending	Pending	Pending	Pending	Pending
R011	Candidate	2	Pending	Pending	Pending	Pending	Pending	Pending
R012	Baseline	0	Pending	Pending	Pending	Pending	Pending	Pending
R012	Baseline	1	Pending	Pending	Pending	Pending	Pending	Pending
R012	Baseline	2	Pending	Pending	Pending	Pending	Pending	Pending
R012	Candidate	0	Pending	Pending	Pending	Pending	Pending	Pending
R012	Candidate	1	Pending	Pending	Pending	Pending	Pending	Pending
R012	Candidate	2	Pending	Pending	Pending	Pending	Pending	Pending
R013	Baseline	0	Pending	Pending	Pending	Pending	Pending	Pending
R013	Baseline	1	Pending	Pending	Pending	Pending	Pending	Pending
R013	Baseline	2	Pending	Pending	Pending	Pending	Pending	Pending
R013	Candidate	0	Pending	Pending	Pending	Pending	Pending	Pending
R013	Candidate	1	Pending	Pending	Pending	Pending	Pending	Pending
R013	Candidate	2	Pending	Pending	Pending	Pending	Pending	Pending
R014	Baseline	0	Pending	Pending	Pending	Pending	Pending	Pending
R014	Baseline	1	Pending	Pending	Pending	Pending	Pending	Pending
R014	Baseline	2	Pending	Pending	Pending	Pending	Pending	Pending
R014	Candidate	0	Pending	Pending	Pending	Pending	Pending	Pending
R014	Candidate	1	Pending	Pending	Pending	Pending	Pending	Pending
R014	Candidate	2	Pending	Pending	Pending	Pending	Pending	Pending
R015	Baseline	0	Pending	Pending	Pending	Pending	Pending	Pending
R015	Baseline	1	Pending	Pending	Pending	Pending	Pending	Pending
R015	Baseline	2	Pending	Pending	Pending	Pending	Pending	Pending
R015	Candidate	0	Pending	Pending	Pending	Pending	Pending	Pending
R015	Candidate	1	Pending	Pending	Pending	Pending	Pending	Pending
R015	Candidate	2	Pending	Pending	Pending	Pending	Pending	Pending
R016	Baseline	0	Pending	Pending	Pending	Pending	Pending	Pending
R016	Baseline	1	Pending	Pending	Pending	Pending	Pending	Pending
R016	Baseline	2	Pending	Pending	Pending	Pending	Pending	Pending
R016	Candidate	0	Pending	Pending	Pending	Pending	Pending	Pending
R016	Candidate	1	Pending	Pending	Pending	Pending	Pending	Pending
R016	Candidate	2	Pending	Pending	Pending	Pending	Pending	Pending
R017	Baseline	0	Pending	Pending	Pending	Pending	Pending	Pending
R017	Baseline	1	Pending	Pending	Pending	Pending	Pending	Pending
R017	Baseline	2	Pending	Pending	Pending	Pending	Pending	Pending
R017	Candidate	0	Pending	Pending	Pending	Pending	Pending	Pending
R017	Candidate	1	Pending	Pending	Pending	Pending	Pending	Pending
R017	Candidate	2	Pending	Pending	Pending	Pending	Pending	Pending
R018	Baseline	0	Pending	Pending	Pending	Pending	Pending	Pending
R018	Baseline	1	Pending	Pending	Pending	Pending	Pending	Pending
R018	Baseline	2	Pending	Pending	Pending	Pending	Pending	Pending
R018	Candidate	0	Pending	Pending	Pending	Pending	Pending	Pending
R018	Candidate	1	Pending	Pending	Pending	Pending	Pending	Pending
R018	Candidate	2	Pending	Pending	Pending	Pending	Pending	Pending
R019	Baseline	0	Pending	Pending	Pending	Pending	Pending	Pending
R019	Baseline	1	Pending	Pending	Pending	Pending	Pending	Pending
R019	Baseline	2	Pending	Pending	Pending	Pending	Pending	Pending
R019	Candidate	0	Pending	Pending	Pending	Pending	Pending	Pending
R019	Candidate	1	Pending	Pending	Pending	Pending	Pending	Pending
R019	Candidate	2	Pending	Pending	Pending	Pending	Pending	Pending
R020	Baseline	0	Pending	Pending	Pending	Pending	Pending	Pending
R020	Baseline	1	Pending	Pending	Pending	Pending	Pending	Pending
R020	Baseline	2	Pending	Pending	Pending	Pending	Pending	Pending
R020	Candidate	0	Pending	Pending	Pending	Pending	Pending	Pending
R020	Candidate	1	Pending	Pending	Pending	Pending	Pending	Pending
R020	Candidate	2	Pending	Pending	Pending	Pending	Pending	Pending
R021	Baseline	0	Pending	Pending	Pending	Pending	Pending	Pending
R021	Baseline	1	Pending	Pending	Pending	Pending	Pending	Pending
R021	Baseline	2	Pending	Pending	Pending	Pending	Pending	Pending
R021	Candidate	0	Pending	Pending	Pending	Pending	Pending	Pending
R021	Candidate	1	Pending	Pending	Pending	Pending	Pending	Pending
R021	Candidate	2	Pending	Pending	Pending	Pending	Pending	Pending
R022	Baseline	0	Pending	Pending	Pending	Pending	Pending	Pending
R022	Baseline	1	Pending	Pending	Pending	Pending	Pending	Pending
R022	Baseline	2	Pending	Pending	Pending	Pending	Pending	Pending
R022	Candidate	0	Pending	Pending	Pending	Pending	Pending	Pending
R022	Candidate	1	Pending	Pending	Pending	Pending	Pending	Pending
R022	Candidate	2	Pending	Pending	Pending	Pending	Pending	Pending
R023	Baseline	0	Pending	Pending	Pending	Pending	Pending	Pending
R023	Baseline	1	Pending	Pending	Pending	Pending	Pending	Pending
R023	Baseline	2	Pending	Pending	Pending	Pending	Pending	Pending
R023	Candidate	0	Pending	Pending	Pending	Pending	Pending	Pending
R023	Candidate	1	Pending	Pending	Pending	Pending	Pending	Pending
R023	Candidate	2	Pending	Pending	Pending	Pending	Pending	Pending
R024	Baseline	0	Pending	Pending	Pending	Pending	Pending	Pending
R024	Baseline	1	Pending	Pending	Pending	Pending	Pending	Pending
R024	Baseline	2	Pending	Pending	Pending	Pending	Pending	Pending
R024	Candidate	0	Pending	Pending	Pending	Pending	Pending	Pending
R024	Candidate	1	Pending	Pending	Pending	Pending	Pending	Pending
R024	Candidate	2	Pending	Pending	Pending	Pending	Pending	Pending
R025	Baseline	0	Pending	Pending	Pending	Pending	Pending	Pending
R025	Baseline	1	Pending	Pending	Pending	Pending	Pending	Pending
R025	Baseline	2	Pending	Pending	Pending	Pending	Pending	Pending
R025	Candidate	0	Pending	Pending	Pending	Pending	Pending	Pending
R025	Candidate	1	Pending	Pending	Pending	Pending	Pending	Pending
R025	Candidate	2	Pending	Pending	Pending	Pending	Pending	Pending
R026	Baseline	0	Pending	Pending	Pending	Pending	Pending	Pending
R026	Baseline	1	Pending	Pending	Pending	Pending	Pending	Pending
R026	Baseline	2	Pending	Pending	Pending	Pending	Pending	Pending
R026	Candidate	0	Pending	Pending	Pending	Pending	Pending	Pending
R026	Candidate	1	Pending	Pending	Pending	Pending	Pending	Pending
R026	Candidate	2	Pending	Pending	Pending	Pending	Pending	Pending
R027	Baseline	0	Pending	Pending	Pending	Pending	Pending	Pending
R027	Baseline	1	Pending	Pending	Pending	Pending	Pending	Pending
R027	Baseline	2	Pending	Pending	Pending	Pending	Pending	Pending
R027	Candidate	0	Pending	Pending	Pending	Pending	Pending	Pending
R027	Candidate	1	Pending	Pending	Pending	Pending	Pending	Pending
R027	Candidate	2	Pending	Pending	Pending	Pending	Pending	Pending
R028	Baseline	0	Pending	Pending	Pending	Pending	Pending	Pending
R028	Baseline	1	Pending	Pending	Pending	Pending	Pending	Pending
R028	Baseline	2	Pending	Pending	Pending	Pending	Pending	Pending
R028	Candidate	0	Pending	Pending	Pending	Pending	Pending	Pending
R028	Candidate	1	Pending	Pending	Pending	Pending	Pending	Pending
R028	Candidate	2	Pending	Pending	Pending	Pending	Pending	Pending
R029	Baseline	0	Pending	Pending	Pending	Pending	Pending	Pending
R029	Baseline	1	Pending	Pending	Pending	Pending	Pending	Pending
R029	Baseline	2	Pending	Pending	Pending	Pending	Pending	Pending
R029	Candidate	0	Pending	Pending	Pending	Pending	Pending	Pending
R029	Candidate	1	Pending	Pending	Pending	Pending	Pending	Pending
R029	Candidate	2	Pending	Pending	Pending	Pending	Pending	Pending
R030	Baseline	0	Pending	Pending	Pending	Pending	Pending	Pending
R030	Baseline	1	Pending	Pending	Pending	Pending	Pending	Pending
R030	Baseline	2	Pending	Pending	Pending	Pending	Pending	Pending
R030	Candidate	0	Pending	Pending	Pending	Pending	Pending	Pending
R030	Candidate	1	Pending	Pending	Pending	Pending	Pending	Pending
R030	Candidate	2	Pending	Pending	Pending	Pending	Pending	Pending
R031	Baseline	0	Pending	Pending	Pending	Pending	Pending	Pending
R031	Baseline	1	Pending	Pending	Pending	Pending	Pending	Pending
R031	Baseline	2	Pending	Pending	Pending	Pending	Pending	Pending
R031	Candidate	0	Pending	Pending	Pending	Pending	Pending	Pending
R031	Candidate	1	Pending	Pending	Pending	Pending	Pending	Pending
R031	Candidate	2	Pending	Pending	Pending	Pending	Pending	Pending
R032	Baseline	0	Pending	Pending	Pending	Pending	Pending	Pending
R032	Baseline	1	Pending	Pending	Pending	Pending	Pending	Pending
R032	Baseline	2	Pending	Pending	Pending	Pending	Pending	Pending
R032	Candidate	0	Pending	Pending	Pending	Pending	Pending	Pending
R032	Candidate	1	Pending	Pending	Pending	Pending	Pending	Pending
R032	Candidate	2	Pending	Pending	Pending	Pending	Pending	Pending
R033	Baseline	0	Pending	Pending	Pending	Pending	Pending	Pending
R033	Baseline	1	Pending	Pending	Pending	Pending	Pending	Pending
R033	Baseline	2	Pending	Pending	Pending	Pending	Pending	Pending
R033	Candidate	0	Pending	Pending	Pending	Pending	Pending	Pending
R033	Candidate	1	Pending	Pending	Pending	Pending	Pending	Pending
R033	Candidate	2	Pending	Pending	Pending	Pending	Pending	Pending
R034	Baseline	0	Pending	Pending	Pending	Pending	Pending	Pending
R034	Baseline	1	Pending	Pending	Pending	Pending	Pending	Pending
R034	Baseline	2	Pending	Pending	Pending	Pending	Pending	Pending
R034	Candidate	0	Pending	Pending	Pending	Pending	Pending	Pending
R034	Candidate	1	Pending	Pending	Pending	Pending	Pending	Pending
R034	Candidate	2	Pending	Pending	Pending	Pending	Pending	Pending
R035	Baseline	0	Pending	Pending	Pending	Pending	Pending	Pending
R035	Baseline	1	Pending	Pending	Pending	Pending	Pending	Pending
R035	Baseline	2	Pending	Pending	Pending	Pending	Pending	Pending
R035	Candidate	0	Pending	Pending	Pending	Pending	Pending	Pending
R035	Candidate	1	Pending	Pending	Pending	Pending	Pending	Pending
R035	Candidate	2	Pending	Pending	Pending	Pending	Pending	Pending
R036	Baseline	0	Pending	Pending	Pending	Pending	Pending	Pending
R036	Baseline	1	Pending	Pending	Pending	Pending	Pending	Pending
R036	Baseline	2	Pending	Pending	Pending	Pending	Pending	Pending
R036	Candidate	0	Pending	Pending	Pending	Pending	Pending	Pending
R036	Candidate	1	Pending	Pending	Pending	Pending	Pending	Pending
R036	Candidate	2	Pending	Pending	Pending	Pending	Pending	Pending
R037	Baseline	0	Pending	Pending	Pending	Pending	Pending	Pending
R037	Baseline	1	Pending	Pending	Pending	Pending	Pending	Pending
R037	Baseline	2	Pending	Pending	Pending	Pending	Pending	Pending
R037	Candidate	0	Pending	Pending	Pending	Pending	Pending	Pending
R037	Candidate	1	Pending	Pending	Pending	Pending	Pending	Pending
R037	Candidate	2	Pending	Pending	Pending	Pending	Pending	Pending
R038	Baseline	0	Pending	Pending	Pending	Pending	Pending	Pending
R038	Baseline	1	Pending	Pending	Pending	Pending	Pending	Pending
R038	Baseline	2	Pending	Pending	Pending	Pending	Pending	Pending
R038	Candidate	0	Pending	Pending	Pending	Pending	Pending	Pending
R038	Candidate	1	Pending	Pending	Pending	Pending	Pending	Pending
R038	Candidate	2	Pending	Pending	Pending	Pending	Pending	Pending
R039	Baseline	0	Pending	Pending	Pending	Pending	Pending	Pending
R039	Baseline	1	Pending	Pending	Pending	Pending	Pending	Pending
R039	Baseline	2	Pending	Pending	Pending	Pending	Pending	Pending
R039	Candidate	0	Pending	Pending	Pending	Pending	Pending	Pending
R039	Candidate	1	Pending	Pending	Pending	Pending	Pending	Pending
R039	Candidate	2	Pending	Pending	Pending	Pending	Pending	Pending
R040	Baseline	0	Pending	Pending	Pending	Pending	Pending	Pending
R040	Baseline	1	Pending	Pending	Pending	Pending	Pending	Pending
R040	Baseline	2	Pending	Pending	Pending	Pending	Pending	Pending
R040	Candidate	0	Pending	Pending	Pending	Pending	Pending	Pending
R040	Candidate	1	Pending	Pending	Pending	Pending	Pending	Pending
R040	Candidate	2	Pending	Pending	Pending	Pending	Pending	Pending
R041	Baseline	0	Pending	Pending	Pending	Pending	Pending	Pending
R041	Baseline	1	Pending	Pending	Pending	Pending	Pending	Pending
R041	Baseline	2	Pending	Pending	Pending	Pending	Pending	Pending
R041	Candidate	0	Pending	Pending	Pending	Pending	Pending	Pending
R041	Candidate	1	Pending	Pending	Pending	Pending	Pending	Pending
R041	Candidate	2	Pending	Pending	Pending	Pending	Pending	Pending
R042	Baseline	0	Pending	Pending	Pending	Pending	Pending	Pending
R042	Baseline	1	Pending	Pending	Pending	Pending	Pending	Pending
R042	Baseline	2	Pending	Pending	Pending	Pending	Pending	Pending
R042	Candidate	0	Pending	Pending	Pending	Pending	Pending	Pending
R042	Candidate	1	Pending	Pending	Pending	Pending	Pending	Pending
R042	Candidate	2	Pending	Pending	Pending	Pending	Pending	Pending
R043	Baseline	0	Pending	Pending	Pending	Pending	Pending	Pending
R043	Baseline	1	Pending	Pending	Pending	Pending	Pending	Pending
R043	Baseline	2	Pending	Pending	Pending	Pending	Pending	Pending
R043	Candidate	0	Pending	Pending	Pending	Pending	Pending	Pending
R043	Candidate	1	Pending	Pending	Pending	Pending	Pending	Pending
R043	Candidate	2	Pending	Pending	Pending	Pending	Pending	Pending
R044	Baseline	0	Pending	Pending	Pending	Pending	Pending	Pending
R044	Baseline	1	Pending	Pending	Pending	Pending	Pending	Pending
R044	Baseline	2	Pending	Pending	Pending	Pending	Pending	Pending
R044	Candidate	0	Pending	Pending	Pending	Pending	Pending	Pending
R044	Candidate	1	Pending	Pending	Pending	Pending	Pending	Pending
R044	Candidate	2	Pending	Pending	Pending	Pending	Pending	Pending
R045	Baseline	0	Pending	Pending	Pending	Pending	Pending	Pending
R045	Baseline	1	Pending	Pending	Pending	Pending	Pending	Pending
R045	Baseline	2	Pending	Pending	Pending	Pending	Pending	Pending
R045	Candidate	0	Pending	Pending	Pending	Pending	Pending	Pending
R045	Candidate	1	Pending	Pending	Pending	Pending	Pending	Pending
R045	Candidate	2	Pending	Pending	Pending	Pending	Pending	Pending
R046	Baseline	0	Pending	Pending	Pending	Pending	Pending	Pending
R046	Baseline	1	Pending	Pending	Pending	Pending	Pending	Pending
R046	Baseline	2	Pending	Pending	Pending	Pending	Pending	Pending
R046	Candidate	0	Pending	Pending	Pending	Pending	Pending	Pending
R046	Candidate	1	Pending	Pending	Pending	Pending	Pending	Pending
R046	Candidate	2	Pending	Pending	Pending	Pending	Pending	Pending
R047	Baseline	0	Pending	Pending	Pending	Pending	Pending	Pending
R047	Baseline	1	Pending	Pending	Pending	Pending	Pending	Pending
R047	Baseline	2	Pending	Pending	Pending	Pending	Pending	Pending
R047	Candidate	0	Pending	Pending	Pending	Pending	Pending	Pending
R047	Candidate	1	Pending	Pending	Pending	Pending	Pending	Pending
R047	Candidate	2	Pending	Pending	Pending	Pending	Pending	Pending
R048	Baseline	0	Pending	Pending	Pending	Pending	Pending	Pending
R048	Baseline	1	Pending	Pending	Pending	Pending	Pending	Pending
R048	Baseline	2	Pending	Pending	Pending	Pending	Pending	Pending
R048	Candidate	0	Pending	Pending	Pending	Pending	Pending	Pending
R048	Candidate	1	Pending	Pending	Pending	Pending	Pending	Pending
R048	Candidate	2	Pending	Pending	Pending	Pending	Pending	Pending
R049	Baseline	0	Pending	Pending	Pending	Pending	Pending	Pending
R049	Baseline	1	Pending	Pending	Pending	Pending	Pending	Pending
R049	Baseline	2	Pending	Pending	Pending	Pending	Pending	Pending
R049	Candidate	0	Pending	Pending	Pending	Pending	Pending	Pending
R049	Candidate	1	Pending	Pending	Pending	Pending	Pending	Pending
R049	Candidate	2	Pending	Pending	Pending	Pending	Pending	Pending
R050	Baseline	0	Pending	Pending	Pending	Pending	Pending	Pending
R050	Baseline	1	Pending	Pending	Pending	Pending	Pending	Pending
R050	Baseline	2	Pending	Pending	Pending	Pending	Pending	Pending
R050	Candidate	0	Pending	Pending	Pending	Pending	Pending	Pending
R050	Candidate	1	Pending	Pending	Pending	Pending	Pending	Pending
R050	Candidate	2	Pending	Pending	Pending	Pending	Pending	Pending
R051	Baseline	0	Pending	Pending	Pending	Pending	Pending	Pending
R051	Baseline	1	Pending	Pending	Pending	Pending	Pending	Pending
R051	Baseline	2	Pending	Pending	Pending	Pending	Pending	Pending
R051	Candidate	0	Pending	Pending	Pending	Pending	Pending	Pending
R051	Candidate	1	Pending	Pending	Pending	Pending	Pending	Pending
R051	Candidate	2	Pending	Pending	Pending	Pending	Pending	Pending
R052	Baseline	0	Pending	Pending	Pending	Pending	Pending	Pending
R052	Baseline	1	Pending	Pending	Pending	Pending	Pending	Pending
R052	Baseline	2	Pending	Pending	Pending	Pending	Pending	Pending
R052	Candidate	0	Pending	Pending	Pending	Pending	Pending	Pending
R052	Candidate	1	Pending	Pending	Pending	Pending	Pending	Pending
R052	Candidate	2	Pending	Pending	Pending	Pending	Pending	Pending
R053	Baseline	0	Pending	Pending	Pending	Pending	Pending	Pending
R053	Baseline	1	Pending	Pending	Pending	Pending	Pending	Pending
R053	Baseline	2	Pending	Pending	Pending	Pending	Pending	Pending
R053	Candidate	0	Pending	Pending	Pending	Pending	Pending	Pending
R053	Candidate	1	Pending	Pending	Pending	Pending	Pending	Pending
R053	Candidate	2	Pending	Pending	Pending	Pending	Pending	Pending
R054	Baseline	0	Pending	Pending	Pending	Pending	Pending	Pending
R054	Baseline	1	Pending	Pending	Pending	Pending	Pending	Pending
R054	Baseline	2	Pending	Pending	Pending	Pending	Pending	Pending
R054	Candidate	0	Pending	Pending	Pending	Pending	Pending	Pending
R054	Candidate	1	Pending	Pending	Pending	Pending	Pending	Pending
R054	Candidate	2	Pending	Pending	Pending	Pending	Pending	Pending
R055	Baseline	0	Pending	Pending	Pending	Pending	Pending	Pending
R055	Baseline	1	Pending	Pending	Pending	Pending	Pending	Pending
R055	Baseline	2	Pending	Pending	Pending	Pending	Pending	Pending
R055	Candidate	0	Pending	Pending	Pending	Pending	Pending	Pending
R055	Candidate	1	Pending	Pending	Pending	Pending	Pending	Pending
R055	Candidate	2	Pending	Pending	Pending	Pending	Pending	Pending
R056	Baseline	0	Pending	Pending	Pending	Pending	Pending	Pending
R056	Baseline	1	Pending	Pending	Pending	Pending	Pending	Pending
R056	Baseline	2	Pending	Pending	Pending	Pending	Pending	Pending
R056	Candidate	0	Pending	Pending	Pending	Pending	Pending	Pending
R056	Candidate	1	Pending	Pending	Pending	Pending	Pending	Pending
R056	Candidate	2	Pending	Pending	Pending	Pending	Pending	Pending
R057	Baseline	0	Pending	Pending	Pending	Pending	Pending	Pending
R057	Baseline	1	Pending	Pending	Pending	Pending	Pending	Pending
R057	Baseline	2	Pending	Pending	Pending	Pending	Pending	Pending
R057	Candidate	0	Pending	Pending	Pending	Pending	Pending	Pending
R057	Candidate	1	Pending	Pending	Pending	Pending	Pending	Pending
R057	Candidate	2	Pending	Pending	Pending	Pending	Pending	Pending
R058	Baseline	0	Pending	Pending	Pending	Pending	Pending	Pending
R058	Baseline	1	Pending	Pending	Pending	Pending	Pending	Pending
R058	Baseline	2	Pending	Pending	Pending	Pending	Pending	Pending
R058	Candidate	0	Pending	Pending	Pending	Pending	Pending	Pending
R058	Candidate	1	Pending	Pending	Pending	Pending	Pending	Pending
R058	Candidate	2	Pending	Pending	Pending	Pending	Pending	Pending
R059	Baseline	0	Pending	Pending	Pending	Pending	Pending	Pending
R059	Baseline	1	Pending	Pending	Pending	Pending	Pending	Pending
R059	Baseline	2	Pending	Pending	Pending	Pending	Pending	Pending
R059	Candidate	0	Pending	Pending	Pending	Pending	Pending	Pending
R059	Candidate	1	Pending	Pending	Pending	Pending	Pending	Pending
R059	Candidate	2	Pending	Pending	Pending	Pending	Pending	Pending
R060	Baseline	0	Pending	Pending	Pending	Pending	Pending	Pending
R060	Baseline	1	Pending	Pending	Pending	Pending	Pending	Pending
R060	Baseline	2	Pending	Pending	Pending	Pending	Pending	Pending
R060	Candidate	0	Pending	Pending	Pending	Pending	Pending	Pending
R060	Candidate	1	Pending	Pending	Pending	Pending	Pending	Pending
R060	Candidate	2	Pending	Pending	Pending	Pending	Pending	Pending
R061	Baseline	0	Pending	Pending	Pending	Pending	Pending	Pending
R061	Baseline	1	Pending	Pending	Pending	Pending	Pending	Pending
R061	Baseline	2	Pending	Pending	Pending	Pending	Pending	Pending
R061	Candidate	0	Pending	Pending	Pending	Pending	Pending	Pending
R061	Candidate	1	Pending	Pending	Pending	Pending	Pending	Pending
R061	Candidate	2	Pending	Pending	Pending	Pending	Pending	Pending
R062	Baseline	0	Pending	Pending	Pending	Pending	Pending	Pending
R062	Baseline	1	Pending	Pending	Pending	Pending	Pending	Pending
R062	Baseline	2	Pending	Pending	Pending	Pending	Pending	Pending
R062	Candidate	0	Pending	Pending	Pending	Pending	Pending	Pending
R062	Candidate	1	Pending	Pending	Pending	Pending	Pending	Pending
R062	Candidate	2	Pending	Pending	Pending	Pending	Pending	Pending
R063	Baseline	0	Pending	Pending	Pending	Pending	Pending	Pending
R063	Baseline	1	Pending	Pending	Pending	Pending	Pending	Pending
R063	Baseline	2	Pending	Pending	Pending	Pending	Pending	Pending
R063	Candidate	0	Pending	Pending	Pending	Pending	Pending	Pending
R063	Candidate	1	Pending	Pending	Pending	Pending	Pending	Pending
R063	Candidate	2	Pending	Pending	Pending	Pending	Pending	Pending
R064	Baseline	0	Pending	Pending	Pending	Pending	Pending	Pending
R064	Baseline	1	Pending	Pending	Pending	Pending	Pending	Pending
R064	Baseline	2	Pending	Pending	Pending	Pending	Pending	Pending
R064	Candidate	0	Pending	Pending	Pending	Pending	Pending	Pending
R064	Candidate	1	Pending	Pending	Pending	Pending	Pending	Pending
R064	Candidate	2	Pending	Pending	Pending	Pending	Pending	Pending
R065	Baseline	0	Pending	Pending	Pending	Pending	Pending	Pending
R065	Baseline	1	Pending	Pending	Pending	Pending	Pending	Pending
R065	Baseline	2	Pending	Pending	Pending	Pending	Pending	Pending
R065	Candidate	0	Pending	Pending	Pending	Pending	Pending	Pending
R065	Candidate	1	Pending	Pending	Pending	Pending	Pending	Pending
R065	Candidate	2	Pending	Pending	Pending	Pending	Pending	Pending
R066	Baseline	0	Pending	Pending	Pending	Pending	Pending	Pending
R066	Baseline	1	Pending	Pending	Pending	Pending	Pending	Pending
R066	Baseline	2	Pending	Pending	Pending	Pending	Pending	Pending
R066	Candidate	0	Pending	Pending	Pending	Pending	Pending	Pending
R066	Candidate	1	Pending	Pending	Pending	Pending	Pending	Pending
R066	Candidate	2	Pending	Pending	Pending	Pending	Pending	Pending
R067	Baseline	0	Pending	Pending	Pending	Pending	Pending	Pending
R067	Baseline	1	Pending	Pending	Pending	Pending	Pending	Pending
R067	Baseline	2	Pending	Pending	Pending	Pending	Pending	Pending
R067	Candidate	0	Pending	Pending	Pending	Pending	Pending	Pending
R067	Candidate	1	Pending	Pending	Pending	Pending	Pending	Pending
R067	Candidate	2	Pending	Pending	Pending	Pending	Pending	Pending
R068	Baseline	0	Pending	Pending	Pending	Pending	Pending	Pending
R068	Baseline	1	Pending	Pending	Pending	Pending	Pending	Pending
R068	Baseline	2	Pending	Pending	Pending	Pending	Pending	Pending
R068	Candidate	0	Pending	Pending	Pending	Pending	Pending	Pending
R068	Candidate	1	Pending	Pending	Pending	Pending	Pending	Pending
R068	Candidate	2	Pending	Pending	Pending	Pending	Pending	Pending
R069	Baseline	0	Pending	Pending	Pending	Pending	Pending	Pending
R069	Baseline	1	Pending	Pending	Pending	Pending	Pending	Pending
R069	Baseline	2	Pending	Pending	Pending	Pending	Pending	Pending
R069	Candidate	0	Pending	Pending	Pending	Pending	Pending	Pending
R069	Candidate	1	Pending	Pending	Pending	Pending	Pending	Pending
R069	Candidate	2	Pending	Pending	Pending	Pending	Pending	Pending
R070	Baseline	0	Pending	Pending	Pending	Pending	Pending	Pending
R070	Baseline	1	Pending	Pending	Pending	Pending	Pending	Pending
R070	Baseline	2	Pending	Pending	Pending	Pending	Pending	Pending
R070	Candidate	0	Pending	Pending	Pending	Pending	Pending	Pending
R070	Candidate	1	Pending	Pending	Pending	Pending	Pending	Pending
R070	Candidate	2	Pending	Pending	Pending	Pending	Pending	Pending
R071	Baseline	0	Pending	Pending	Pending	Pending	Pending	Pending
R071	Baseline	1	Pending	Pending	Pending	Pending	Pending	Pending
R071	Baseline	2	Pending	Pending	Pending	Pending	Pending	Pending
R071	Candidate	0	Pending	Pending	Pending	Pending	Pending	Pending
R071	Candidate	1	Pending	Pending	Pending	Pending	Pending	Pending
R071	Candidate	2	Pending	Pending	Pending	Pending	Pending	Pending
R072	Baseline	0	Pending	Pending	Pending	Pending	Pending	Pending
R072	Baseline	1	Pending	Pending	Pending	Pending	Pending	Pending
R072	Baseline	2	Pending	Pending	Pending	Pending	Pending	Pending
R072	Candidate	0	Pending	Pending	Pending	Pending	Pending	Pending
R072	Candidate	1	Pending	Pending	Pending	Pending	Pending	Pending
R072	Candidate	2	Pending	Pending	Pending	Pending	Pending	Pending
R073	Baseline	0	Pending	Pending	Pending	Pending	Pending	Pending
R073	Baseline	1	Pending	Pending	Pending	Pending	Pending	Pending
R073	Baseline	2	Pending	Pending	Pending	Pending	Pending	Pending
R073	Candidate	0	Pending	Pending	Pending	Pending	Pending	Pending
R073	Candidate	1	Pending	Pending	Pending	Pending	Pending	Pending
R073	Candidate	2	Pending	Pending	Pending	Pending	Pending	Pending
R074	Baseline	0	Pending	Pending	Pending	Pending	Pending	Pending
R074	Baseline	1	Pending	Pending	Pending	Pending	Pending	Pending
R074	Baseline	2	Pending	Pending	Pending	Pending	Pending	Pending
R074	Candidate	0	Pending	Pending	Pending	Pending	Pending	Pending
R074	Candidate	1	Pending	Pending	Pending	Pending	Pending	Pending
R074	Candidate	2	Pending	Pending	Pending	Pending	Pending	Pending
R075	Baseline	0	Pending	Pending	Pending	Pending	Pending	Pending
R075	Baseline	1	Pending	Pending	Pending	Pending	Pending	Pending
R075	Baseline	2	Pending	Pending	Pending	Pending	Pending	Pending
R075	Candidate	0	Pending	Pending	Pending	Pending	Pending	Pending
R075	Candidate	1	Pending	Pending	Pending	Pending	Pending	Pending
R075	Candidate	2	Pending	Pending	Pending	Pending	Pending	Pending
R076	Baseline	0	Pending	Pending	Pending	Pending	Pending	Pending
R076	Baseline	1	Pending	Pending	Pending	Pending	Pending	Pending
R076	Baseline	2	Pending	Pending	Pending	Pending	Pending	Pending
R076	Candidate	0	Pending	Pending	Pending	Pending	Pending	Pending
R076	Candidate	1	Pending	Pending	Pending	Pending	Pending	Pending
R076	Candidate	2	Pending	Pending	Pending	Pending	Pending	Pending
R077	Baseline	0	Pending	Pending	Pending	Pending	Pending	Pending
R077	Baseline	1	Pending	Pending	Pending	Pending	Pending	Pending
R077	Baseline	2	Pending	Pending	Pending	Pending	Pending	Pending
R077	Candidate	0	Pending	Pending	Pending	Pending	Pending	Pending
R077	Candidate	1	Pending	Pending	Pending	Pending	Pending	Pending
R077	Candidate	2	Pending	Pending	Pending	Pending	Pending	Pending
R078	Baseline	0	Pending	Pending	Pending	Pending	Pending	Pending
R078	Baseline	1	Pending	Pending	Pending	Pending	Pending	Pending
R078	Baseline	2	Pending	Pending	Pending	Pending	Pending	Pending
R078	Candidate	0	Pending	Pending	Pending	Pending	Pending	Pending
R078	Candidate	1	Pending	Pending	Pending	Pending	Pending	Pending
R078	Candidate	2	Pending	Pending	Pending	Pending	Pending	Pending
R079	Baseline	0	Pending	Pending	Pending	Pending	Pending	Pending
R079	Baseline	1	Pending	Pending	Pending	Pending	Pending	Pending
R079	Baseline	2	Pending	Pending	Pending	Pending	Pending	Pending
R079	Candidate	0	Pending	Pending	Pending	Pending	Pending	Pending
R079	Candidate	1	Pending	Pending	Pending	Pending	Pending	Pending
R079	Candidate	2	Pending	Pending	Pending	Pending	Pending	Pending
R080	Baseline	0	Pending	Pending	Pending	Pending	Pending	Pending
R080	Baseline	1	Pending	Pending	Pending	Pending	Pending	Pending
R080	Baseline	2	Pending	Pending	Pending	Pending	Pending	Pending
R080	Candidate	0	Pending	Pending	Pending	Pending	Pending	Pending
R080	Candidate	1	Pending	Pending	Pending	Pending	Pending	Pending
R080	Candidate	2	Pending	Pending	Pending	Pending	Pending	Pending
R081	Baseline	0	Pending	Pending	Pending	Pending	Pending	Pending
R081	Baseline	1	Pending	Pending	Pending	Pending	Pending	Pending
R081	Baseline	2	Pending	Pending	Pending	Pending	Pending	Pending
R081	Candidate	0	Pending	Pending	Pending	Pending	Pending	Pending
R081	Candidate	1	Pending	Pending	Pending	Pending	Pending	Pending
R081	Candidate	2	Pending	Pending	Pending	Pending	Pending	Pending
R082	Baseline	0	Pending	Pending	Pending	Pending	Pending	Pending
R082	Baseline	1	Pending	Pending	Pending	Pending	Pending	Pending
R082	Baseline	2	Pending	Pending	Pending	Pending	Pending	Pending
R082	Candidate	0	Pending	Pending	Pending	Pending	Pending	Pending
R082	Candidate	1	Pending	Pending	Pending	Pending	Pending	Pending
R082	Candidate	2	Pending	Pending	Pending	Pending	Pending	Pending
R083	Baseline	0	Pending	Pending	Pending	Pending	Pending	Pending
R083	Baseline	1	Pending	Pending	Pending	Pending	Pending	Pending
R083	Baseline	2	Pending	Pending	Pending	Pending	Pending	Pending
R083	Candidate	0	Pending	Pending	Pending	Pending	Pending	Pending
R083	Candidate	1	Pending	Pending	Pending	Pending	Pending	Pending
R083	Candidate	2	Pending	Pending	Pending	Pending	Pending	Pending
R084	Baseline	0	Pending	Pending	Pending	Pending	Pending	Pending
R084	Baseline	1	Pending	Pending	Pending	Pending	Pending	Pending
R084	Baseline	2	Pending	Pending	Pending	Pending	Pending	Pending
R084	Candidate	0	Pending	Pending	Pending	Pending	Pending	Pending
R084	Candidate	1	Pending	Pending	Pending	Pending	Pending	Pending
R084	Candidate	2	Pending	Pending	Pending	Pending	Pending	Pending
R085	Baseline	0	Pending	Pending	Pending	Pending	Pending	Pending
R085	Baseline	1	Pending	Pending	Pending	Pending	Pending	Pending
R085	Baseline	2	Pending	Pending	Pending	Pending	Pending	Pending
R085	Candidate	0	Pending	Pending	Pending	Pending	Pending	Pending
R085	Candidate	1	Pending	Pending	Pending	Pending	Pending	Pending
R085	Candidate	2	Pending	Pending	Pending	Pending	Pending	Pending
R086	Baseline	0	Pending	Pending	Pending	Pending	Pending	Pending
R086	Baseline	1	Pending	Pending	Pending	Pending	Pending	Pending
R086	Baseline	2	Pending	Pending	Pending	Pending	Pending	Pending
R086	Candidate	0	Pending	Pending	Pending	Pending	Pending	Pending
R086	Candidate	1	Pending	Pending	Pending	Pending	Pending	Pending
R086	Candidate	2	Pending	Pending	Pending	Pending	Pending	Pending
R087	Baseline	0	Pending	Pending	Pending	Pending	Pending	Pending
R087	Baseline	1	Pending	Pending	Pending	Pending	Pending	Pending
R087	Baseline	2	Pending	Pending	Pending	Pending	Pending	Pending
R087	Candidate	0	Pending	Pending	Pending	Pending	Pending	Pending
R087	Candidate	1	Pending	Pending	Pending	Pending	Pending	Pending
R087	Candidate	2	Pending	Pending	Pending	Pending	Pending	Pending
R088	Baseline	0	Pending	Pending	Pending	Pending	Pending	Pending
R088	Baseline	1	Pending	Pending	Pending	Pending	Pending	Pending
R088	Baseline	2	Pending	Pending	Pending	Pending	Pending	Pending
R088	Candidate	0	Pending	Pending	Pending	Pending	Pending	Pending
R088	Candidate	1	Pending	Pending	Pending	Pending	Pending	Pending
R088	Candidate	2	Pending	Pending	Pending	Pending	Pending	Pending
R089	Baseline	0	Pending	Pending	Pending	Pending	Pending	Pending
R089	Baseline	1	Pending	Pending	Pending	Pending	Pending	Pending
R089	Baseline	2	Pending	Pending	Pending	Pending	Pending	Pending
R089	Candidate	0	Pending	Pending	Pending	Pending	Pending	Pending
R089	Candidate	1	Pending	Pending	Pending	Pending	Pending	Pending
R089	Candidate	2	Pending	Pending	Pending	Pending	Pending	Pending
R090	Baseline	0	Pending	Pending	Pending	Pending	Pending	Pending
R090	Baseline	1	Pending	Pending	Pending	Pending	Pending	Pending
R090	Baseline	2	Pending	Pending	Pending	Pending	Pending	Pending
R090	Candidate	0	Pending	Pending	Pending	Pending	Pending	Pending
R090	Candidate	1	Pending	Pending	Pending	Pending	Pending	Pending
R090	Candidate	2	Pending	Pending	Pending	Pending	Pending	Pending
R091	Baseline	0	Pending	Pending	Pending	Pending	Pending	Pending
R091	Baseline	1	Pending	Pending	Pending	Pending	Pending	Pending
R091	Baseline	2	Pending	Pending	Pending	Pending	Pending	Pending
R091	Candidate	0	Pending	Pending	Pending	Pending	Pending	Pending
R091	Candidate	1	Pending	Pending	Pending	Pending	Pending	Pending
R091	Candidate	2	Pending	Pending	Pending	Pending	Pending	Pending
R092	Baseline	0	Pending	Pending	Pending	Pending	Pending	Pending
R092	Baseline	1	Pending	Pending	Pending	Pending	Pending	Pending
R092	Baseline	2	Pending	Pending	Pending	Pending	Pending	Pending
R092	Candidate	0	Pending	Pending	Pending	Pending	Pending	Pending
R092	Candidate	1	Pending	Pending	Pending	Pending	Pending	Pending
R092	Candidate	2	Pending	Pending	Pending	Pending	Pending	Pending
R093	Baseline	0	Pending	Pending	Pending	Pending	Pending	Pending
R093	Baseline	1	Pending	Pending	Pending	Pending	Pending	Pending
R093	Baseline	2	Pending	Pending	Pending	Pending	Pending	Pending
R093	Candidate	0	Pending	Pending	Pending	Pending	Pending	Pending
R093	Candidate	1	Pending	Pending	Pending	Pending	Pending	Pending
R093	Candidate	2	Pending	Pending	Pending	Pending	Pending	Pending
R094	Baseline	0	Pending	Pending	Pending	Pending	Pending	Pending
R094	Baseline	1	Pending	Pending	Pending	Pending	Pending	Pending
R094	Baseline	2	Pending	Pending	Pending	Pending	Pending	Pending
R094	Candidate	0	Pending	Pending	Pending	Pending	Pending	Pending
R094	Candidate	1	Pending	Pending	Pending	Pending	Pending	Pending
R094	Candidate	2	Pending	Pending	Pending	Pending	Pending	Pending
R095	Baseline	0	Pending	Pending	Pending	Pending	Pending	Pending
R095	Baseline	1	Pending	Pending	Pending	Pending	Pending	Pending
R095	Baseline	2	Pending	Pending	Pending	Pending	Pending	Pending
R095	Candidate	0	Pending	Pending	Pending	Pending	Pending	Pending
R095	Candidate	1	Pending	Pending	Pending	Pending	Pending	Pending
R095	Candidate	2	Pending	Pending	Pending	Pending	Pending	Pending
R096	Baseline	0	Pending	Pending	Pending	Pending	Pending	Pending
R096	Baseline	1	Pending	Pending	Pending	Pending	Pending	Pending
R096	Baseline	2	Pending	Pending	Pending	Pending	Pending	Pending
R096	Candidate	0	Pending	Pending	Pending	Pending	Pending	Pending
R096	Candidate	1	Pending	Pending	Pending	Pending	Pending	Pending
R096	Candidate	2	Pending	Pending	Pending	Pending	Pending	Pending
R097	Baseline	0	Pending	Pending	Pending	Pending	Pending	Pending
R097	Baseline	1	Pending	Pending	Pending	Pending	Pending	Pending
R097	Baseline	2	Pending	Pending	Pending	Pending	Pending	Pending
R097	Candidate	0	Pending	Pending	Pending	Pending	Pending	Pending
R097	Candidate	1	Pending	Pending	Pending	Pending	Pending	Pending
R097	Candidate	2	Pending	Pending	Pending	Pending	Pending	Pending
R098	Baseline	0	Pending	Pending	Pending	Pending	Pending	Pending
R098	Baseline	1	Pending	Pending	Pending	Pending	Pending	Pending
R098	Baseline	2	Pending	Pending	Pending	Pending	Pending	Pending
R098	Candidate	0	Pending	Pending	Pending	Pending	Pending	Pending
R098	Candidate	1	Pending	Pending	Pending	Pending	Pending	Pending
R098	Candidate	2	Pending	Pending	Pending	Pending	Pending	Pending
R099	Baseline	0	Pending	Pending	Pending	Pending	Pending	Pending
R099	Baseline	1	Pending	Pending	Pending	Pending	Pending	Pending
R099	Baseline	2	Pending	Pending	Pending	Pending	Pending	Pending
R099	Candidate	0	Pending	Pending	Pending	Pending	Pending	Pending
R099	Candidate	1	Pending	Pending	Pending	Pending	Pending	Pending
R099	Candidate	2	Pending	Pending	Pending	Pending	Pending	Pending
R100	Baseline	0	Pending	Pending	Pending	Pending	Pending	Pending
R100	Baseline	1	Pending	Pending	Pending	Pending	Pending	Pending
R100	Baseline	2	Pending	Pending	Pending	Pending	Pending	Pending
R100	Candidate	0	Pending	Pending	Pending	Pending	Pending	Pending
R100	Candidate	1	Pending	Pending	Pending	Pending	Pending	Pending
R100	Candidate	2	Pending	Pending	Pending	Pending	Pending	Pending
R101	Baseline	0	Pending	Pending	Pending	Pending	Pending	Pending
R101	Baseline	1	Pending	Pending	Pending	Pending	Pending	Pending
R101	Baseline	2	Pending	Pending	Pending	Pending	Pending	Pending
R101	Candidate	0	Pending	Pending	Pending	Pending	Pending	Pending
R101	Candidate	1	Pending	Pending	Pending	Pending	Pending	Pending
R101	Candidate	2	Pending	Pending	Pending	Pending	Pending	Pending
R102	Baseline	0	Pending	Pending	Pending	Pending	Pending	Pending
R102	Baseline	1	Pending	Pending	Pending	Pending	Pending	Pending
R102	Baseline	2	Pending	Pending	Pending	Pending	Pending	Pending
R102	Candidate	0	Pending	Pending	Pending	Pending	Pending	Pending
R102	Candidate	1	Pending	Pending	Pending	Pending	Pending	Pending
R102	Candidate	2	Pending	Pending	Pending	Pending	Pending	Pending
R103	Baseline	0	Pending	Pending	Pending	Pending	Pending	Pending
R103	Baseline	1	Pending	Pending	Pending	Pending	Pending	Pending
R103	Baseline	2	Pending	Pending	Pending	Pending	Pending	Pending
R103	Candidate	0	Pending	Pending	Pending	Pending	Pending	Pending
R103	Candidate	1	Pending	Pending	Pending	Pending	Pending	Pending
R103	Candidate	2	Pending	Pending	Pending	Pending	Pending	Pending
R104	Baseline	0	Pending	Pending	Pending	Pending	Pending	Pending
R104	Baseline	1	Pending	Pending	Pending	Pending	Pending	Pending
R104	Baseline	2	Pending	Pending	Pending	Pending	Pending	Pending
R104	Candidate	0	Pending	Pending	Pending	Pending	Pending	Pending
R104	Candidate	1	Pending	Pending	Pending	Pending	Pending	Pending
R104	Candidate	2	Pending	Pending	Pending	Pending	Pending	Pending
R105	Baseline	0	Pending	Pending	Pending	Pending	Pending	Pending
R105	Baseline	1	Pending	Pending	Pending	Pending	Pending	Pending
R105	Baseline	2	Pending	Pending	Pending	Pending	Pending	Pending
R105	Candidate	0	Pending	Pending	Pending	Pending	Pending	Pending
R105	Candidate	1	Pending	Pending	Pending	Pending	Pending	Pending
R105	Candidate	2	Pending	Pending	Pending	Pending	Pending	Pending
R106	Baseline	0	Pending	Pending	Pending	Pending	Pending	Pending
R106	Baseline	1	Pending	Pending	Pending	Pending	Pending	Pending
R106	Baseline	2	Pending	Pending	Pending	Pending	Pending	Pending
R106	Candidate	0	Pending	Pending	Pending	Pending	Pending	Pending
R106	Candidate	1	Pending	Pending	Pending	Pending	Pending	Pending
R106	Candidate	2	Pending	Pending	Pending	Pending	Pending	Pending
R107	Baseline	0	Pending	Pending	Pending	Pending	Pending	Pending
R107	Baseline	1	Pending	Pending	Pending	Pending	Pending	Pending
R107	Baseline	2	Pending	Pending	Pending	Pending	Pending	Pending
R107	Candidate	0	Pending	Pending	Pending	Pending	Pending	Pending
R107	Candidate	1	Pending	Pending	Pending	Pending	Pending	Pending
R107	Candidate	2	Pending	Pending	Pending	Pending	Pending	Pending
R108	Baseline	0	Pending	Pending	Pending	Pending	Pending	Pending
R108	Baseline	1	Pending	Pending	Pending	Pending	Pending	Pending
R108	Baseline	2	Pending	Pending	Pending	Pending	Pending	Pending
R108	Candidate	0	Pending	Pending	Pending	Pending	Pending	Pending
R108	Candidate	1	Pending	Pending	Pending	Pending	Pending	Pending
R108	Candidate	2	Pending	Pending	Pending	Pending	Pending	Pending
R109	Baseline	0	Pending	Pending	Pending	Pending	Pending	Pending
R109	Baseline	1	Pending	Pending	Pending	Pending	Pending	Pending
R109	Baseline	2	Pending	Pending	Pending	Pending	Pending	Pending
R109	Candidate	0	Pending	Pending	Pending	Pending	Pending	Pending
R109	Candidate	1	Pending	Pending	Pending	Pending	Pending	Pending
R109	Candidate	2	Pending	Pending	Pending	Pending	Pending	Pending
R110	Baseline	0	Pending	Pending	Pending	Pending	Pending	Pending
R110	Baseline	1	Pending	Pending	Pending	Pending	Pending	Pending
R110	Baseline	2	Pending	Pending	Pending	Pending	Pending	Pending
R110	Candidate	0	Pending	Pending	Pending	Pending	Pending	Pending
R110	Candidate	1	Pending	Pending	Pending	Pending	Pending	Pending
R110	Candidate	2	Pending	Pending	Pending	Pending	Pending	Pending
R111	Baseline	0	Pending	Pending	Pending	Pending	Pending	Pending
R111	Baseline	1	Pending	Pending	Pending	Pending	Pending	Pending
R111	Baseline	2	Pending	Pending	Pending	Pending	Pending	Pending
R111	Candidate	0	Pending	Pending	Pending	Pending	Pending	Pending
R111	Candidate	1	Pending	Pending	Pending	Pending	Pending	Pending
R111	Candidate	2	Pending	Pending	Pending	Pending	Pending	Pending
R112	Baseline	0	Pending	Pending	Pending	Pending	Pending	Pending
R112	Baseline	1	Pending	Pending	Pending	Pending	Pending	Pending
R112	Baseline	2	Pending	Pending	Pending	Pending	Pending	Pending
R112	Candidate	0	Pending	Pending	Pending	Pending	Pending	Pending
R112	Candidate	1	Pending	Pending	Pending	Pending	Pending	Pending
R112	Candidate	2	Pending	Pending	Pending	Pending	Pending	Pending
R113	Baseline	0	Pending	Pending	Pending	Pending	Pending	Pending
R113	Baseline	1	Pending	Pending	Pending	Pending	Pending	Pending
R113	Baseline	2	Pending	Pending	Pending	Pending	Pending	Pending
R113	Candidate	0	Pending	Pending	Pending	Pending	Pending	Pending
R113	Candidate	1	Pending	Pending	Pending	Pending	Pending	Pending
R113	Candidate	2	Pending	Pending	Pending	Pending	Pending	Pending
R114	Baseline	0	Pending	Pending	Pending	Pending	Pending	Pending
R114	Baseline	1	Pending	Pending	Pending	Pending	Pending	Pending
R114	Baseline	2	Pending	Pending	Pending	Pending	Pending	Pending
R114	Candidate	0	Pending	Pending	Pending	Pending	Pending	Pending
R114	Candidate	1	Pending	Pending	Pending	Pending	Pending	Pending
R114	Candidate	2	Pending	Pending	Pending	Pending	Pending	Pending
R115	Baseline	0	Pending	Pending	Pending	Pending	Pending	Pending
R115	Baseline	1	Pending	Pending	Pending	Pending	Pending	Pending
R115	Baseline	2	Pending	Pending	Pending	Pending	Pending	Pending
R115	Candidate	0	Pending	Pending	Pending	Pending	Pending	Pending
R115	Candidate	1	Pending	Pending	Pending	Pending	Pending	Pending
R115	Candidate	2	Pending	Pending	Pending	Pending	Pending	Pending
R116	Baseline	0	Pending	Pending	Pending	Pending	Pending	Pending
R116	Baseline	1	Pending	Pending	Pending	Pending	Pending	Pending
R116	Baseline	2	Pending	Pending	Pending	Pending	Pending	Pending
R116	Candidate	0	Pending	Pending	Pending	Pending	Pending	Pending
R116	Candidate	1	Pending	Pending	Pending	Pending	Pending	Pending
R116	Candidate	2	Pending	Pending	Pending	Pending	Pending	Pending
R117	Baseline	0	Pending	Pending	Pending	Pending	Pending	Pending
R117	Baseline	1	Pending	Pending	Pending	Pending	Pending	Pending
R117	Baseline	2	Pending	Pending	Pending	Pending	Pending	Pending
R117	Candidate	0	Pending	Pending	Pending	Pending	Pending	Pending
R117	Candidate	1	Pending	Pending	Pending	Pending	Pending	Pending
R117	Candidate	2	Pending	Pending	Pending	Pending	Pending	Pending
R118	Baseline	0	Pending	Pending	Pending	Pending	Pending	Pending
R118	Baseline	1	Pending	Pending	Pending	Pending	Pending	Pending
R118	Baseline	2	Pending	Pending	Pending	Pending	Pending	Pending
R118	Candidate	0	Pending	Pending	Pending	Pending	Pending	Pending
R118	Candidate	1	Pending	Pending	Pending	Pending	Pending	Pending
R118	Candidate	2	Pending	Pending	Pending	Pending	Pending	Pending
R119	Baseline	0	Pending	Pending	Pending	Pending	Pending	Pending
R119	Baseline	1	Pending	Pending	Pending	Pending	Pending	Pending
R119	Baseline	2	Pending	Pending	Pending	Pending	Pending	Pending
R119	Candidate	0	Pending	Pending	Pending	Pending	Pending	Pending
R119	Candidate	1	Pending	Pending	Pending	Pending	Pending	Pending
R119	Candidate	2	Pending	Pending	Pending	Pending	Pending	Pending
R120	Baseline	0	Pending	Pending	Pending	Pending	Pending	Pending
R120	Baseline	1	Pending	Pending	Pending	Pending	Pending	Pending
R120	Baseline	2	Pending	Pending	Pending	Pending	Pending	Pending
R120	Candidate	0	Pending	Pending	Pending	Pending	Pending	Pending
R120	Candidate	1	Pending	Pending	Pending	Pending	Pending	Pending
R120	Candidate	2	Pending	Pending	Pending	Pending	Pending	Pending
R121	Baseline	0	Pending	Pending	Pending	Pending	Pending	Pending
R121	Baseline	1	Pending	Pending	Pending	Pending	Pending	Pending
R121	Baseline	2	Pending	Pending	Pending	Pending	Pending	Pending
R121	Candidate	0	Pending	Pending	Pending	Pending	Pending	Pending
R121	Candidate	1	Pending	Pending	Pending	Pending	Pending	Pending
R121	Candidate	2	Pending	Pending	Pending	Pending	Pending	Pending
R122	Baseline	0	Pending	Pending	Pending	Pending	Pending	Pending
R122	Baseline	1	Pending	Pending	Pending	Pending	Pending	Pending
R122	Baseline	2	Pending	Pending	Pending	Pending	Pending	Pending
R122	Candidate	0	Pending	Pending	Pending	Pending	Pending	Pending
R122	Candidate	1	Pending	Pending	Pending	Pending	Pending	Pending
R122	Candidate	2	Pending	Pending	Pending	Pending	Pending	Pending
R123	Baseline	0	Pending	Pending	Pending	Pending	Pending	Pending
R123	Baseline	1	Pending	Pending	Pending	Pending	Pending	Pending
R123	Baseline	2	Pending	Pending	Pending	Pending	Pending	Pending
R123	Candidate	0	Pending	Pending	Pending	Pending	Pending	Pending
R123	Candidate	1	Pending	Pending	Pending	Pending	Pending	Pending
R123	Candidate	2	Pending	Pending	Pending	Pending	Pending	Pending
R124	Baseline	0	Pending	Pending	Pending	Pending	Pending	Pending
R124	Baseline	1	Pending	Pending	Pending	Pending	Pending	Pending
R124	Baseline	2	Pending	Pending	Pending	Pending	Pending	Pending
R124	Candidate	0	Pending	Pending	Pending	Pending	Pending	Pending
R124	Candidate	1	Pending	Pending	Pending	Pending	Pending	Pending
R124	Candidate	2	Pending	Pending	Pending	Pending	Pending	Pending
R125	Baseline	0	Pending	Pending	Pending	Pending	Pending	Pending
R125	Baseline	1	Pending	Pending	Pending	Pending	Pending	Pending
R125	Baseline	2	Pending	Pending	Pending	Pending	Pending	Pending
R125	Candidate	0	Pending	Pending	Pending	Pending	Pending	Pending
R125	Candidate	1	Pending	Pending	Pending	Pending	Pending	Pending
R125	Candidate	2	Pending	Pending	Pending	Pending	Pending	Pending
R126	Baseline	0	Pending	Pending	Pending	Pending	Pending	Pending
R126	Baseline	1	Pending	Pending	Pending	Pending	Pending	Pending
R126	Baseline	2	Pending	Pending	Pending	Pending	Pending	Pending
R126	Candidate	0	Pending	Pending	Pending	Pending	Pending	Pending
R126	Candidate	1	Pending	Pending	Pending	Pending	Pending	Pending
R126	Candidate	2	Pending	Pending	Pending	Pending	Pending	Pending
R127	Baseline	0	Pending	Pending	Pending	Pending	Pending	Pending
R127	Baseline	1	Pending	Pending	Pending	Pending	Pending	Pending
R127	Baseline	2	Pending	Pending	Pending	Pending	Pending	Pending
R127	Candidate	0	Pending	Pending	Pending	Pending	Pending	Pending
R127	Candidate	1	Pending	Pending	Pending	Pending	Pending	Pending
R127	Candidate	2	Pending	Pending	Pending	Pending	Pending	Pending
R128	Baseline	0	Pending	Pending	Pending	Pending	Pending	Pending
R128	Baseline	1	Pending	Pending	Pending	Pending	Pending	Pending
R128	Baseline	2	Pending	Pending	Pending	Pending	Pending	Pending
R128	Candidate	0	Pending	Pending	Pending	Pending	Pending	Pending
R128	Candidate	1	Pending	Pending	Pending	Pending	Pending	Pending
R128	Candidate	2	Pending	Pending	Pending	Pending	Pending	Pending
R129	Baseline	0	Pending	Pending	Pending	Pending	Pending	Pending
R129	Baseline	1	Pending	Pending	Pending	Pending	Pending	Pending
R129	Baseline	2	Pending	Pending	Pending	Pending	Pending	Pending
R129	Candidate	0	Pending	Pending	Pending	Pending	Pending	Pending
R129	Candidate	1	Pending	Pending	Pending	Pending	Pending	Pending
R129	Candidate	2	Pending	Pending	Pending	Pending	Pending	Pending
R130	Baseline	0	Pending	Pending	Pending	Pending	Pending	Pending
R130	Baseline	1	Pending	Pending	Pending	Pending	Pending	Pending
R130	Baseline	2	Pending	Pending	Pending	Pending	Pending	Pending
R130	Candidate	0	Pending	Pending	Pending	Pending	Pending	Pending
R130	Candidate	1	Pending	Pending	Pending	Pending	Pending	Pending
R130	Candidate	2	Pending	Pending	Pending	Pending	Pending	Pending
R131	Baseline	0	Pending	Pending	Pending	Pending	Pending	Pending
R131	Baseline	1	Pending	Pending	Pending	Pending	Pending	Pending
R131	Baseline	2	Pending	Pending	Pending	Pending	Pending	Pending
R131	Candidate	0	Pending	Pending	Pending	Pending	Pending	Pending
R131	Candidate	1	Pending	Pending	Pending	Pending	Pending	Pending
R131	Candidate	2	Pending	Pending	Pending	Pending	Pending	Pending
R132	Baseline	0	Pending	Pending	Pending	Pending	Pending	Pending
R132	Baseline	1	Pending	Pending	Pending	Pending	Pending	Pending
R132	Baseline	2	Pending	Pending	Pending	Pending	Pending	Pending
R132	Candidate	0	Pending	Pending	Pending	Pending	Pending	Pending
R132	Candidate	1	Pending	Pending	Pending	Pending	Pending	Pending
R132	Candidate	2	Pending	Pending	Pending	Pending	Pending	Pending
