dev.s7a.strata.runtime.remote.RemoteAddress#constructor:1:(Ldev/s7a/strata/runtime/remote/RemoteEndpoint;Ljava/util/UUID;)V
dev.s7a.strata.runtime.remote.RemoteAddress#method:17:component1:()Ldev/s7a/strata/runtime/remote/RemoteEndpoint;
dev.s7a.strata.runtime.remote.RemoteAddress#method:17:component2:()Ljava/util/UUID;
dev.s7a.strata.runtime.remote.RemoteAddress#method:17:copy:(Ldev/s7a/strata/runtime/remote/RemoteEndpoint;Ljava/util/UUID;)Ldev/s7a/strata/runtime/remote/RemoteAddress;
dev.s7a.strata.runtime.remote.RemoteAddress#method:17:getEndpoint:()Ldev/s7a/strata/runtime/remote/RemoteEndpoint;
dev.s7a.strata.runtime.remote.RemoteAddress#method:17:getIncarnation:()Ljava/util/UUID;
dev.s7a.strata.runtime.remote.RemoteAddress#method:1:equals:(Ljava/lang/Object;)Z
dev.s7a.strata.runtime.remote.RemoteAddress#method:1:hashCode:()I
dev.s7a.strata.runtime.remote.RemoteAddress#method:1:toString:()Ljava/lang/String;
dev.s7a.strata.runtime.remote.RemoteAddress#type:17:java.lang.Object:
dev.s7a.strata.runtime.remote.RemoteBindingSnapshot#constructor:1:(JJJLdev/s7a/strata/projection/ProjectionValue;J)V
dev.s7a.strata.runtime.remote.RemoteBindingSnapshot#field:25:Companion:Ldev/s7a/strata/runtime/remote/RemoteBindingSnapshot$Companion;
dev.s7a.strata.runtime.remote.RemoteBindingSnapshot#method:17:component1:()J
dev.s7a.strata.runtime.remote.RemoteBindingSnapshot#method:17:component2:()J
dev.s7a.strata.runtime.remote.RemoteBindingSnapshot#method:17:component3:()J
dev.s7a.strata.runtime.remote.RemoteBindingSnapshot#method:17:component4:()Ldev/s7a/strata/projection/ProjectionValue;
dev.s7a.strata.runtime.remote.RemoteBindingSnapshot#method:17:component5:()J
dev.s7a.strata.runtime.remote.RemoteBindingSnapshot#method:17:copy:(JJJLdev/s7a/strata/projection/ProjectionValue;J)Ldev/s7a/strata/runtime/remote/RemoteBindingSnapshot;
dev.s7a.strata.runtime.remote.RemoteBindingSnapshot#method:17:edit:(Ldev/s7a/strata/projection/ProjectionValue;)Ldev/s7a/strata/projection/ProjectionValue;
dev.s7a.strata.runtime.remote.RemoteBindingSnapshot#method:17:getAcknowledged:()J
dev.s7a.strata.runtime.remote.RemoteBindingSnapshot#method:17:getEndpoint:()J
dev.s7a.strata.runtime.remote.RemoteBindingSnapshot#method:17:getGeneration:()J
dev.s7a.strata.runtime.remote.RemoteBindingSnapshot#method:17:getIdentity:()J
dev.s7a.strata.runtime.remote.RemoteBindingSnapshot#method:17:getValue:()Ldev/s7a/strata/projection/ProjectionValue;
dev.s7a.strata.runtime.remote.RemoteBindingSnapshot#method:1:equals:(Ljava/lang/Object;)Z
dev.s7a.strata.runtime.remote.RemoteBindingSnapshot#method:1:hashCode:()I
dev.s7a.strata.runtime.remote.RemoteBindingSnapshot#method:1:toString:()Ljava/lang/String;
dev.s7a.strata.runtime.remote.RemoteBindingSnapshot#type:17:java.lang.Object:
dev.s7a.strata.runtime.remote.RemoteBindingSnapshot$Companion#method:17:decode:(Ldev/s7a/strata/projection/ProjectionValue;)Ldev/s7a/strata/runtime/remote/RemoteBindingSnapshot;
dev.s7a.strata.runtime.remote.RemoteBindingSnapshot$Companion#type:25:java.lang.Object:
dev.s7a.strata.runtime.remote.RemoteBuiltins#field:25:INSTANCE:Ldev/s7a/strata/runtime/remote/RemoteBuiltins;
dev.s7a.strata.runtime.remote.RemoteBuiltins#method:17:register:(Ldev/s7a/strata/runtime/remote/RemoteRegistry;)V
dev.s7a.strata.runtime.remote.RemoteBuiltins#type:17:java.lang.Object:
dev.s7a.strata.runtime.remote.RemoteCanvas#field:25:INSTANCE:Ldev/s7a/strata/runtime/remote/RemoteCanvas;
dev.s7a.strata.runtime.remote.RemoteCanvas#method:17:register:(Ldev/s7a/strata/runtime/remote/RemoteRegistry;Ldev/s7a/strata/projection/ProjectionType;Lkotlin/jvm/functions/Function1;Lkotlin/jvm/functions/Function1;)V
dev.s7a.strata.runtime.remote.RemoteCanvas#method:17:registerPixels$dev_s7a_strata_remote:(Ldev/s7a/strata/runtime/remote/RemoteRegistry;)V
dev.s7a.strata.runtime.remote.RemoteCanvas#method:17:source:(Ldev/s7a/strata/projection/ProjectionType;Ljava/lang/Object;Lkotlin/jvm/functions/Function1;)Ldev/s7a/strata/component/CanvasSource;
dev.s7a.strata.runtime.remote.RemoteCanvas#type:17:java.lang.Object:
dev.s7a.strata.runtime.remote.RemoteCapabilities#constructor:1:(Ldev/s7a/strata/runtime/remote/RemoteLimits;Ljava/util/Set;)V
dev.s7a.strata.runtime.remote.RemoteCapabilities#method:17:getLimits:()Ldev/s7a/strata/runtime/remote/RemoteLimits;
dev.s7a.strata.runtime.remote.RemoteCapabilities#method:17:getTypes:()Ljava/util/Set;
dev.s7a.strata.runtime.remote.RemoteCapabilities#type:17:java.lang.Object:
dev.s7a.strata.runtime.remote.RemoteCapabilitiesExtensionsKt#method:25:toUiCapabilities:(Ldev/s7a/strata/runtime/remote/RemoteCapabilities;)Ldev/s7a/strata/ui/UiClientCapabilities;
dev.s7a.strata.runtime.remote.RemoteCapabilitiesExtensionsKt#type:17:java.lang.Object:
dev.s7a.strata.runtime.remote.RemoteClientActions#method:1025:send:(JLdev/s7a/strata/projection/ProjectionType;Ldev/s7a/strata/projection/ProjectionValue;)J
dev.s7a.strata.runtime.remote.RemoteClientActions#type:1537::
dev.s7a.strata.runtime.remote.RemoteClientSession#constructor:1:(Ldev/s7a/strata/runtime/remote/RemoteMessage$Snapshot;Ldev/s7a/strata/runtime/remote/RemoteRegistry;Ldev/s7a/strata/runtime/remote/RemoteLimits;Lkotlin/jvm/functions/Function1;)V
dev.s7a.strata.runtime.remote.RemoteClientSession#method:17:bindUiSession:(Ldev/s7a/strata/ui/UiSession;)V
dev.s7a.strata.runtime.remote.RemoteClientSession#method:17:close:(Ldev/s7a/strata/runtime/remote/RemoteFailure;Z)V
dev.s7a.strata.runtime.remote.RemoteClientSession#method:17:controlApplied:(Ldev/s7a/strata/runtime/spi/RuntimeUiControl;Ldev/s7a/strata/ui/UiRejection;)V
dev.s7a.strata.runtime.remote.RemoteClientSession#method:17:definition:(Ldev/s7a/strata/text/UiText;)Ldev/s7a/strata/ui/UiDefinition;
dev.s7a.strata.runtime.remote.RemoteClientSession#method:17:flushEdits:()V
dev.s7a.strata.runtime.remote.RemoteClientSession#method:17:getIdentity:()J
dev.s7a.strata.runtime.remote.RemoteClientSession#method:17:getNodeCount:()I
dev.s7a.strata.runtime.remote.RemoteClientSession#method:17:getStatus:()Ldev/s7a/strata/runtime/remote/RemoteSessionStatus;
dev.s7a.strata.runtime.remote.RemoteClientSession#method:17:getUiSession:()Ldev/s7a/strata/ui/UiSession;
dev.s7a.strata.runtime.remote.RemoteClientSession#method:17:receive:(Ldev/s7a/strata/runtime/remote/RemoteMessage$Acknowledgement;)V
dev.s7a.strata.runtime.remote.RemoteClientSession#method:17:receive:(Ldev/s7a/strata/runtime/remote/RemoteMessage$ControlReceipt;)V
dev.s7a.strata.runtime.remote.RemoteClientSession#method:17:receive:(Ldev/s7a/strata/runtime/remote/RemoteMessage$Snapshot;)V
dev.s7a.strata.runtime.remote.RemoteClientSession#method:17:receive:(Ldev/s7a/strata/runtime/remote/RemoteMessage$Update;)V
dev.s7a.strata.runtime.remote.RemoteClientSession#method:17:synchronizeInteraction:()V
dev.s7a.strata.runtime.remote.RemoteClientSession#method:1:close:()V
dev.s7a.strata.runtime.remote.RemoteClientSession#type:17:java.lang.Object:java.lang.AutoCloseable
dev.s7a.strata.runtime.remote.RemoteClientStates#constructor:1:(Ldev/s7a/strata/runtime/remote/RemoteLimits;)V
dev.s7a.strata.runtime.remote.RemoteClientStates#method:17:flushEdits:(Ldev/s7a/strata/runtime/remote/RemoteClientActions;)V
dev.s7a.strata.runtime.remote.RemoteClientStates#method:17:get:(JLdev/s7a/strata/runtime/remote/RemoteStateKey;)Ljava/lang/Object;
dev.s7a.strata.runtime.remote.RemoteClientStates#method:17:prepare:(JLdev/s7a/strata/runtime/remote/RemoteStateKey;Lkotlin/jvm/functions/Function0;Lkotlin/jvm/functions/Function1;Lkotlin/jvm/functions/Function1;)V
dev.s7a.strata.runtime.remote.RemoteClientStates#method:17:update$dev_s7a_strata_remote:(Lkotlin/jvm/functions/Function0;)V
dev.s7a.strata.runtime.remote.RemoteClientStates#method:1:close:()V
dev.s7a.strata.runtime.remote.RemoteClientStates#type:17:java.lang.Object:java.lang.AutoCloseable
dev.s7a.strata.runtime.remote.RemoteComponentRuntime#constructor:1:()V
dev.s7a.strata.runtime.remote.RemoteComponentRuntime#method:17:evaluate:(Lkotlin/jvm/functions/Function1;)Ldev/s7a/strata/element/Element;
dev.s7a.strata.runtime.remote.RemoteComponentRuntime#method:1:button:(Ldev/s7a/strata/text/UiText;IZLdev/s7a/strata/modifier/Modifier;Ldev/s7a/strata/element/ElementKey;)Ldev/s7a/strata/element/Element;
dev.s7a.strata.runtime.remote.RemoteComponentRuntime#method:1:checkbox:(Ldev/s7a/strata/text/UiText;Ldev/s7a/strata/component/CheckboxState;IZLdev/s7a/strata/modifier/Modifier;Ldev/s7a/strata/element/ElementKey;)Ldev/s7a/strata/element/Element;
dev.s7a.strata.runtime.remote.RemoteComponentRuntime#method:1:containerBackground:(Ldev/s7a/strata/modifier/Modifier;I)Ldev/s7a/strata/modifier/Modifier;
dev.s7a.strata.runtime.remote.RemoteComponentRuntime#method:1:cycleButton:(Ldev/s7a/strata/component/CycleButtonState;Ljava/util/List;IZLdev/s7a/strata/modifier/Modifier;Ldev/s7a/strata/element/ElementKey;)Ldev/s7a/strata/element/Element;
dev.s7a.strata.runtime.remote.RemoteComponentRuntime#method:1:image:(Ldev/s7a/strata/component/ImageSource;Ldev/s7a/strata/geometry/IntRect;Ldev/s7a/strata/geometry/IntSize;Ldev/s7a/strata/modifier/Modifier;Ldev/s7a/strata/element/ElementKey;)Ldev/s7a/strata/element/Element;
dev.s7a.strata.runtime.remote.RemoteComponentRuntime#method:1:imageBackground:(Ldev/s7a/strata/modifier/Modifier;Ldev/s7a/strata/component/ImageSource;Ldev/s7a/strata/component/ImageScale;)Ldev/s7a/strata/modifier/Modifier;
dev.s7a.strata.runtime.remote.RemoteComponentRuntime#method:1:imageBackground:(Ldev/s7a/strata/modifier/Modifier;Ldev/s7a/strata/component/ImageSource;Ldev/s7a/strata/geometry/Insets;Ldev/s7a/strata/component/NineSliceCenterMode;)Ldev/s7a/strata/modifier/Modifier;
dev.s7a.strata.runtime.remote.RemoteComponentRuntime#method:1:loadingIndicator:(Ldev/s7a/strata/geometry/IntSize;Ldev/s7a/strata/modifier/Modifier;Ldev/s7a/strata/element/ElementKey;)Ldev/s7a/strata/element/Element;
dev.s7a.strata.runtime.remote.RemoteComponentRuntime#method:1:menuBackground:(Ldev/s7a/strata/modifier/Modifier;)Ldev/s7a/strata/modifier/Modifier;
dev.s7a.strata.runtime.remote.RemoteComponentRuntime#method:1:playerHead:(Ldev/s7a/strata/component/PlayerSkinSource;IZLdev/s7a/strata/element/Element;Ldev/s7a/strata/element/Element;Ldev/s7a/strata/modifier/Modifier;Ldev/s7a/strata/element/ElementKey;)Ldev/s7a/strata/element/Element;
dev.s7a.strata.runtime.remote.RemoteComponentRuntime#method:1:progressBar:(DLdev/s7a/strata/geometry/IntSize;Ldev/s7a/strata/modifier/Modifier;Ldev/s7a/strata/element/ElementKey;)Ldev/s7a/strata/element/Element;
dev.s7a.strata.runtime.remote.RemoteComponentRuntime#method:1:retainEvaluator:()Ldev/s7a/strata/spi/ComponentEvaluator;
dev.s7a.strata.runtime.remote.RemoteComponentRuntime#method:1:scrollArea:(Ldev/s7a/strata/component/ScrollState;Ldev/s7a/strata/element/Element;ILdev/s7a/strata/modifier/Modifier;Ldev/s7a/strata/element/ElementKey;)Ldev/s7a/strata/element/Element;
dev.s7a.strata.runtime.remote.RemoteComponentRuntime#method:1:scrollbar:(Ldev/s7a/strata/component/ScrollState;Ldev/s7a/strata/modifier/Modifier;Ldev/s7a/strata/element/ElementKey;)Ldev/s7a/strata/element/Element;
dev.s7a.strata.runtime.remote.RemoteComponentRuntime#method:1:slider:(Ldev/s7a/strata/text/UiText;Ldev/s7a/strata/component/SliderState;IZLdev/s7a/strata/modifier/Modifier;Ldev/s7a/strata/element/ElementKey;)Ldev/s7a/strata/element/Element;
dev.s7a.strata.runtime.remote.RemoteComponentRuntime#method:1:slot:(Ldev/s7a/strata/component/SlotBinding;ZLdev/s7a/strata/element/Element;Ldev/s7a/strata/modifier/Modifier;Ldev/s7a/strata/element/ElementKey;)Ldev/s7a/strata/element/Element;
dev.s7a.strata.runtime.remote.RemoteComponentRuntime#method:1:tab:(Ldev/s7a/strata/text/UiText;ZIZLdev/s7a/strata/component/TabSelectionIndicator;Ldev/s7a/strata/element/Element;Ldev/s7a/strata/modifier/Modifier;Ldev/s7a/strata/element/ElementKey;)Ldev/s7a/strata/element/Element;
dev.s7a.strata.runtime.remote.RemoteComponentRuntime#method:1:text:(Ldev/s7a/strata/text/UiText;Ldev/s7a/strata/component/TextStyle;Ldev/s7a/strata/modifier/Modifier;Ldev/s7a/strata/element/ElementKey;)Ldev/s7a/strata/element/Element;
dev.s7a.strata.runtime.remote.RemoteComponentRuntime#method:1:text:(Ldev/s7a/strata/text/UiText;Ldev/s7a/strata/text/TextLayout;Ldev/s7a/strata/component/TextStyle;Ldev/s7a/strata/modifier/Modifier;Ldev/s7a/strata/element/ElementKey;)Ldev/s7a/strata/element/Element;
dev.s7a.strata.runtime.remote.RemoteComponentRuntime#method:1:textArea:(Ldev/s7a/strata/component/TextAreaState;Ldev/s7a/strata/component/TextAreaViewport;Ldev/s7a/strata/component/TextInputAppearance;ZLdev/s7a/strata/component/TextStyle;Ldev/s7a/strata/resource/ResourceId;Ldev/s7a/strata/text/TextWrap;ILdev/s7a/strata/modifier/Modifier;Ldev/s7a/strata/element/ElementKey;)Ldev/s7a/strata/element/Element;
dev.s7a.strata.runtime.remote.RemoteComponentRuntime#method:1:textArea:(Ldev/s7a/strata/component/TextAreaState;Ldev/s7a/strata/component/TextAreaViewport;Ldev/s7a/strata/component/TextInputAppearance;ZLdev/s7a/strata/component/TextStyle;Ldev/s7a/strata/text/TextWrap;ILdev/s7a/strata/modifier/Modifier;Ldev/s7a/strata/element/ElementKey;)Ldev/s7a/strata/element/Element;
dev.s7a.strata.runtime.remote.RemoteComponentRuntime#method:1:textArea:(Ldev/s7a/strata/component/TextAreaState;Ldev/s7a/strata/component/TextAreaViewport;ZLdev/s7a/strata/component/TextStyle;Ldev/s7a/strata/resource/ResourceId;Ldev/s7a/strata/text/TextWrap;ILdev/s7a/strata/modifier/Modifier;Ldev/s7a/strata/element/ElementKey;)Ldev/s7a/strata/element/Element;
dev.s7a.strata.runtime.remote.RemoteComponentRuntime#method:1:textArea:(Ldev/s7a/strata/component/TextAreaState;Ldev/s7a/strata/component/TextAreaViewport;ZLdev/s7a/strata/component/TextStyle;Ldev/s7a/strata/text/TextWrap;ILdev/s7a/strata/modifier/Modifier;Ldev/s7a/strata/element/ElementKey;)Ldev/s7a/strata/element/Element;
dev.s7a.strata.runtime.remote.RemoteComponentRuntime#method:1:textField:(Ldev/s7a/strata/component/TextFieldState;Ldev/s7a/strata/geometry/IntSize;Ldev/s7a/strata/component/TextInputAppearance;ZLdev/s7a/strata/component/TextStyle;Ldev/s7a/strata/modifier/Modifier;Ldev/s7a/strata/element/ElementKey;)Ldev/s7a/strata/element/Element;
dev.s7a.strata.runtime.remote.RemoteComponentRuntime#method:1:textField:(Ldev/s7a/strata/component/TextFieldState;Ldev/s7a/strata/geometry/IntSize;Ldev/s7a/strata/component/TextInputAppearance;ZLdev/s7a/strata/component/TextStyle;Ldev/s7a/strata/resource/ResourceId;Ldev/s7a/strata/modifier/Modifier;Ldev/s7a/strata/element/ElementKey;)Ldev/s7a/strata/element/Element;
dev.s7a.strata.runtime.remote.RemoteComponentRuntime#method:1:textField:(Ldev/s7a/strata/component/TextFieldState;Ldev/s7a/strata/geometry/IntSize;ZLdev/s7a/strata/component/TextStyle;Ldev/s7a/strata/modifier/Modifier;Ldev/s7a/strata/element/ElementKey;)Ldev/s7a/strata/element/Element;
dev.s7a.strata.runtime.remote.RemoteComponentRuntime#method:1:textField:(Ldev/s7a/strata/component/TextFieldState;Ldev/s7a/strata/geometry/IntSize;ZLdev/s7a/strata/component/TextStyle;Ldev/s7a/strata/resource/ResourceId;Ldev/s7a/strata/modifier/Modifier;Ldev/s7a/strata/element/ElementKey;)Ldev/s7a/strata/element/Element;
dev.s7a.strata.runtime.remote.RemoteComponentRuntime#method:1:tooltip:(Ldev/s7a/strata/modifier/Modifier;Ldev/s7a/strata/text/UiText;J)Ldev/s7a/strata/modifier/Modifier;
dev.s7a.strata.runtime.remote.RemoteComponentRuntime#type:17:java.lang.Object:dev.s7a.strata.spi.ComponentRuntime
dev.s7a.strata.runtime.remote.RemoteConnection#constructor:1:(Ljava/util/Set;Ldev/s7a/strata/runtime/remote/RemoteLimits;Lkotlin/jvm/functions/Function1;)V
dev.s7a.strata.runtime.remote.RemoteConnection#field:25:CHANNEL:Ljava/lang/String;
dev.s7a.strata.runtime.remote.RemoteConnection#field:25:Companion:Ldev/s7a/strata/runtime/remote/RemoteConnection$Companion;
dev.s7a.strata.runtime.remote.RemoteConnection#field:25:PROTOCOL_VERSION:I
dev.s7a.strata.runtime.remote.RemoteConnection#method:17:discardSession:(J)V
dev.s7a.strata.runtime.remote.RemoteConnection#method:17:flush:(I)V
dev.s7a.strata.runtime.remote.RemoteConnection#method:17:getCapabilities:()Ldev/s7a/strata/runtime/remote/RemoteCapabilities;
dev.s7a.strata.runtime.remote.RemoteConnection#method:17:getRetainedNativeHeadroom$dev_s7a_strata_remote:()J
dev.s7a.strata.runtime.remote.RemoteConnection#method:17:receive:([BJ)Ldev/s7a/strata/runtime/remote/RemoteMessage;
dev.s7a.strata.runtime.remote.RemoteConnection#method:17:send:(Ldev/s7a/strata/runtime/remote/RemoteMessage;)V
dev.s7a.strata.runtime.remote.RemoteConnection#method:17:start:()V
dev.s7a.strata.runtime.remote.RemoteConnection#method:17:tick:(J)V
dev.s7a.strata.runtime.remote.RemoteConnection#method:1:close:()V
dev.s7a.strata.runtime.remote.RemoteConnection#type:17:java.lang.Object:java.lang.AutoCloseable
dev.s7a.strata.runtime.remote.RemoteConnection$Companion#method:17:native:(Ljava/util/Set;Ldev/s7a/strata/runtime/remote/RemoteLimits;Ldev/s7a/strata/runtime/remote/RemotePacketStream;)Ldev/s7a/strata/runtime/remote/RemoteConnection;
dev.s7a.strata.runtime.remote.RemoteConnection$Companion#type:25:java.lang.Object:
dev.s7a.strata.runtime.remote.RemoteControl#constructor:1:(Lkotlin/reflect/KClass;Ldev/s7a/strata/projection/ProjectionType;Lkotlin/jvm/functions/Function1;Lkotlin/jvm/functions/Function1;Lkotlin/jvm/functions/Function1;Lkotlin/jvm/functions/Function2;)V
dev.s7a.strata.runtime.remote.RemoteControl#method:17:get:(Ldev/s7a/strata/runtime/remote/RemoteBindingSnapshot;Ldev/s7a/strata/runtime/remote/RemoteClientStates;)Ljava/lang/Object;
dev.s7a.strata.runtime.remote.RemoteControl#method:17:prepare:(Ldev/s7a/strata/runtime/remote/RemoteBindingSnapshot;Lkotlin/jvm/functions/Function1;Ldev/s7a/strata/runtime/remote/RemotePreparationContext;)Ljava/lang/Object;
dev.s7a.strata.runtime.remote.RemoteControl#method:17:specification:(Ldev/s7a/strata/runtime/remote/RemoteBindingSnapshot;Lkotlin/jvm/functions/Function1;Lkotlin/jvm/functions/Function2;Lkotlin/jvm/functions/Function2;)Ldev/s7a/strata/runtime/remote/RemoteControl$Specification;
dev.s7a.strata.runtime.remote.RemoteControl#type:17:java.lang.Object:
dev.s7a.strata.runtime.remote.RemoteControl$Specification#constructor:1:(Lkotlin/jvm/functions/Function1;Lkotlin/jvm/functions/Function1;)V
dev.s7a.strata.runtime.remote.RemoteControl$Specification#method:17:getPrepare:()Lkotlin/jvm/functions/Function1;
dev.s7a.strata.runtime.remote.RemoteControl$Specification#method:17:getRender:()Lkotlin/jvm/functions/Function1;
dev.s7a.strata.runtime.remote.RemoteControl$Specification#type:25:java.lang.Object:
dev.s7a.strata.runtime.remote.RemoteDeclaration#constructor:1:(JLdev/s7a/strata/projection/ProjectionType;Ldev/s7a/strata/projection/ProjectionValue;)V
dev.s7a.strata.runtime.remote.RemoteDeclaration#method:17:component1:()J
dev.s7a.strata.runtime.remote.RemoteDeclaration#method:17:component2:()Ldev/s7a/strata/projection/ProjectionType;
dev.s7a.strata.runtime.remote.RemoteDeclaration#method:17:component3:()Ldev/s7a/strata/projection/ProjectionValue;
dev.s7a.strata.runtime.remote.RemoteDeclaration#method:17:copy:(JLdev/s7a/strata/projection/ProjectionType;Ldev/s7a/strata/projection/ProjectionValue;)Ldev/s7a/strata/runtime/remote/RemoteDeclaration;
dev.s7a.strata.runtime.remote.RemoteDeclaration#method:17:getIdentity:()J
dev.s7a.strata.runtime.remote.RemoteDeclaration#method:17:getType:()Ldev/s7a/strata/projection/ProjectionType;
dev.s7a.strata.runtime.remote.RemoteDeclaration#method:17:getValue:()Ldev/s7a/strata/projection/ProjectionValue;
dev.s7a.strata.runtime.remote.RemoteDeclaration#method:1:equals:(Ljava/lang/Object;)Z
dev.s7a.strata.runtime.remote.RemoteDeclaration#method:1:hashCode:()I
dev.s7a.strata.runtime.remote.RemoteDeclaration#method:1:toString:()Ljava/lang/String;
dev.s7a.strata.runtime.remote.RemoteDeclaration#type:17:java.lang.Object:
dev.s7a.strata.runtime.remote.RemoteEditBuffer#constructor:1:(Ljava/lang/Object;J)V
dev.s7a.strata.runtime.remote.RemoteEditBuffer#method:17:edit:(Ljava/lang/Object;J)V
dev.s7a.strata.runtime.remote.RemoteEditBuffer#method:17:getGeneration:()J
dev.s7a.strata.runtime.remote.RemoteEditBuffer#method:17:getValue:()Ljava/lang/Object;
dev.s7a.strata.runtime.remote.RemoteEditBuffer#method:17:reconcile:(Ljava/lang/Object;JJ)Z
dev.s7a.strata.runtime.remote.RemoteEditBuffer#type:17:java.lang.Object:
dev.s7a.strata.runtime.remote.RemoteEditableValue#method:1025:flushEdits:(Ldev/s7a/strata/runtime/remote/RemoteClientActions;)V
dev.s7a.strata.runtime.remote.RemoteEditableValue#type:1537::
dev.s7a.strata.runtime.remote.RemoteEditingState#constructor:1:(Ljava/lang/Object;Ldev/s7a/strata/projection/ProjectionType;Ldev/s7a/strata/runtime/remote/RemoteBindingSnapshot;Lkotlin/jvm/functions/Function1;Lkotlin/jvm/functions/Function1;Lkotlin/jvm/functions/Function1;Lkotlin/jvm/functions/Function2;)V
dev.s7a.strata.runtime.remote.RemoteEditingState#method:17:getState:()Ljava/lang/Object;
dev.s7a.strata.runtime.remote.RemoteEditingState#method:17:reconcile:(Ldev/s7a/strata/runtime/remote/RemoteBindingSnapshot;)V
dev.s7a.strata.runtime.remote.RemoteEditingState#method:1:flushEdits:(Ldev/s7a/strata/runtime/remote/RemoteClientActions;)V
dev.s7a.strata.runtime.remote.RemoteEditingState#type:17:java.lang.Object:dev.s7a.strata.runtime.remote.RemoteEditableValue
dev.s7a.strata.runtime.remote.RemoteElementContext#constructor:1:(JLdev/s7a/strata/modifier/Modifier;Ljava/util/List;Ldev/s7a/strata/runtime/remote/RemoteClientActions;Ldev/s7a/strata/runtime/remote/RemoteClientStates;)V
dev.s7a.strata.runtime.remote.RemoteElementContext#method:17:getActions:()Ldev/s7a/strata/runtime/remote/RemoteClientActions;
dev.s7a.strata.runtime.remote.RemoteElementContext#method:17:getChildren:()Ljava/util/List;
dev.s7a.strata.runtime.remote.RemoteElementContext#method:17:getIdentity:()J
dev.s7a.strata.runtime.remote.RemoteElementContext#method:17:getKey:()Ldev/s7a/strata/element/ElementKey;
dev.s7a.strata.runtime.remote.RemoteElementContext#method:17:getModifier:()Ldev/s7a/strata/modifier/Modifier;
dev.s7a.strata.runtime.remote.RemoteElementContext#method:17:getStates:()Ldev/s7a/strata/runtime/remote/RemoteClientStates;
dev.s7a.strata.runtime.remote.RemoteElementContext#type:17:java.lang.Object:
dev.s7a.strata.runtime.remote.RemoteEndpoint#field:16409:Proxy:Ldev/s7a/strata/runtime/remote/RemoteEndpoint;
dev.s7a.strata.runtime.remote.RemoteEndpoint#field:16409:Server:Ldev/s7a/strata/runtime/remote/RemoteEndpoint;
dev.s7a.strata.runtime.remote.RemoteEndpoint#method:9:getEntries:()Lkotlin/enums/EnumEntries;
dev.s7a.strata.runtime.remote.RemoteEndpoint#method:9:valueOf:(Ljava/lang/String;)Ldev/s7a/strata/runtime/remote/RemoteEndpoint;
dev.s7a.strata.runtime.remote.RemoteEndpoint#method:9:values:()[Ldev/s7a/strata/runtime/remote/RemoteEndpoint;
dev.s7a.strata.runtime.remote.RemoteEndpoint#type:16401:java.lang.Enum:
dev.s7a.strata.runtime.remote.RemoteFailure#field:16409:ContainerChanged:Ldev/s7a/strata/runtime/remote/RemoteFailure;
dev.s7a.strata.runtime.remote.RemoteFailure#field:16409:Disconnected:Ldev/s7a/strata/runtime/remote/RemoteFailure;
dev.s7a.strata.runtime.remote.RemoteFailure#field:16409:HandlerFailed:Ldev/s7a/strata/runtime/remote/RemoteFailure;
dev.s7a.strata.runtime.remote.RemoteFailure#field:16409:InvalidMessage:Ldev/s7a/strata/runtime/remote/RemoteFailure;
dev.s7a.strata.runtime.remote.RemoteFailure#field:16409:OwnerClosed:Ldev/s7a/strata/runtime/remote/RemoteFailure;
dev.s7a.strata.runtime.remote.RemoteFailure#field:16409:OwnerDisabled:Ldev/s7a/strata/runtime/remote/RemoteFailure;
dev.s7a.strata.runtime.remote.RemoteFailure#field:16409:PeerClosed:Ldev/s7a/strata/runtime/remote/RemoteFailure;
dev.s7a.strata.runtime.remote.RemoteFailure#field:16409:Replaced:Ldev/s7a/strata/runtime/remote/RemoteFailure;
dev.s7a.strata.runtime.remote.RemoteFailure#field:16409:ResourceLimit:Ldev/s7a/strata/runtime/remote/RemoteFailure;
dev.s7a.strata.runtime.remote.RemoteFailure#field:16409:TimedOut:Ldev/s7a/strata/runtime/remote/RemoteFailure;
dev.s7a.strata.runtime.remote.RemoteFailure#field:16409:UnsupportedProtocol:Ldev/s7a/strata/runtime/remote/RemoteFailure;
dev.s7a.strata.runtime.remote.RemoteFailure#field:16409:UnsupportedType:Ldev/s7a/strata/runtime/remote/RemoteFailure;
dev.s7a.strata.runtime.remote.RemoteFailure#field:16409:Visibility:Ldev/s7a/strata/runtime/remote/RemoteFailure;
dev.s7a.strata.runtime.remote.RemoteFailure#field:16409:WorldExited:Ldev/s7a/strata/runtime/remote/RemoteFailure;
dev.s7a.strata.runtime.remote.RemoteFailure#method:17:getUiReason:()Ldev/s7a/strata/ui/UiCloseReason;
dev.s7a.strata.runtime.remote.RemoteFailure#method:9:getEntries:()Lkotlin/enums/EnumEntries;
dev.s7a.strata.runtime.remote.RemoteFailure#method:9:valueOf:(Ljava/lang/String;)Ldev/s7a/strata/runtime/remote/RemoteFailure;
dev.s7a.strata.runtime.remote.RemoteFailure#method:9:values:()[Ldev/s7a/strata/runtime/remote/RemoteFailure;
dev.s7a.strata.runtime.remote.RemoteFailure#type:16401:java.lang.Enum:
dev.s7a.strata.runtime.remote.RemoteFormBindings#field:25:INSTANCE:Ldev/s7a/strata/runtime/remote/RemoteFormBindings;
dev.s7a.strata.runtime.remote.RemoteFormBindings#method:17:checkbox:(Ldev/s7a/strata/projection/ProjectionScope;Ldev/s7a/strata/component/CheckboxState;Ldev/s7a/strata/modifier/Modifier;)Ldev/s7a/strata/projection/ProjectionValue;
dev.s7a.strata.runtime.remote.RemoteFormBindings#method:17:cycle:(Ldev/s7a/strata/projection/ProjectionScope;Ldev/s7a/strata/component/CycleButtonState;Ldev/s7a/strata/modifier/Modifier;)Ldev/s7a/strata/projection/ProjectionValue;
dev.s7a.strata.runtime.remote.RemoteFormBindings#method:17:scroll:(Ldev/s7a/strata/projection/ProjectionScope;Ldev/s7a/strata/component/ScrollState;)Ldev/s7a/strata/projection/ProjectionValue;
dev.s7a.strata.runtime.remote.RemoteFormBindings#method:17:slider:(Ldev/s7a/strata/projection/ProjectionScope;Ldev/s7a/strata/component/SliderState;Ldev/s7a/strata/modifier/Modifier;)Ldev/s7a/strata/projection/ProjectionValue;
dev.s7a.strata.runtime.remote.RemoteFormBindings#method:17:textArea:(Ldev/s7a/strata/projection/ProjectionScope;Ldev/s7a/strata/component/TextAreaState;)Ldev/s7a/strata/projection/ProjectionValue;
dev.s7a.strata.runtime.remote.RemoteFormBindings#method:17:textField:(Ldev/s7a/strata/projection/ProjectionScope;Ldev/s7a/strata/component/TextFieldState;)Ldev/s7a/strata/projection/ProjectionValue;
dev.s7a.strata.runtime.remote.RemoteFormBindings#type:17:java.lang.Object:
dev.s7a.strata.runtime.remote.RemoteForms#field:25:INSTANCE:Ldev/s7a/strata/runtime/remote/RemoteForms;
dev.s7a.strata.runtime.remote.RemoteForms#method:17:register:(Ldev/s7a/strata/runtime/remote/RemoteRegistry;)V
dev.s7a.strata.runtime.remote.RemoteForms#type:17:java.lang.Object:
dev.s7a.strata.runtime.remote.RemoteFrameInbox#constructor:1:()V
dev.s7a.strata.runtime.remote.RemoteFrameInbox#constructor:1:(Ldev/s7a/strata/runtime/remote/RemoteLimits;)V
dev.s7a.strata.runtime.remote.RemoteFrameInbox#method:17:getFailed:()Z
dev.s7a.strata.runtime.remote.RemoteFrameInbox#method:17:offer:([B)Z
dev.s7a.strata.runtime.remote.RemoteFrameInbox#method:17:poll:()[B
dev.s7a.strata.runtime.remote.RemoteFrameInbox#method:1:close:()V
dev.s7a.strata.runtime.remote.RemoteFrameInbox#type:17:java.lang.Object:java.lang.AutoCloseable
dev.s7a.strata.runtime.remote.RemoteFraming#constructor:1:()V
dev.s7a.strata.runtime.remote.RemoteFraming#constructor:1:(Ldev/s7a/strata/runtime/remote/RemoteLimits;)V
dev.s7a.strata.runtime.remote.RemoteFraming#field:25:HEADER_BYTES:I
dev.s7a.strata.runtime.remote.RemoteFraming#method:17:cancel$dev_s7a_strata_remote:([B)[B
dev.s7a.strata.runtime.remote.RemoteFraming#method:17:expire:(J)V
dev.s7a.strata.runtime.remote.RemoteFraming#method:17:nativeTransfer$dev_s7a_strata_remote:([BLkotlin/jvm/functions/Function1;)Ldev/s7a/strata/runtime/remote/RemoteNativeTransfer;
dev.s7a.strata.runtime.remote.RemoteFraming#method:17:receive:([BJ)[B
dev.s7a.strata.runtime.remote.RemoteFraming#method:17:send:([BLkotlin/jvm/functions/Function1;)V
dev.s7a.strata.runtime.remote.RemoteFraming#method:1:close:()V
dev.s7a.strata.runtime.remote.RemoteFraming#type:17:java.lang.Object:java.lang.AutoCloseable
dev.s7a.strata.runtime.remote.RemoteImageCodec#constructor:1:()V
dev.s7a.strata.runtime.remote.RemoteImageCodec#constructor:1:(I)V
dev.s7a.strata.runtime.remote.RemoteImageCodec#method:17:decode:(Ldev/s7a/strata/projection/ProjectionValue;)Ldev/s7a/strata/component/ImageSource;
dev.s7a.strata.runtime.remote.RemoteImageCodec#method:17:encode:(Ldev/s7a/strata/component/ImageSource;)Ldev/s7a/strata/projection/ProjectionValue;
dev.s7a.strata.runtime.remote.RemoteImageCodec#type:17:java.lang.Object:
dev.s7a.strata.runtime.remote.RemoteImageCodec$WhenMappings#type:4121:java.lang.Object:
dev.s7a.strata.runtime.remote.RemoteInputModifiers#field:25:INSTANCE:Ldev/s7a/strata/runtime/remote/RemoteInputModifiers;
dev.s7a.strata.runtime.remote.RemoteInputModifiers#method:17:register:(Ldev/s7a/strata/runtime/remote/RemoteRegistry;)V
dev.s7a.strata.runtime.remote.RemoteInputModifiers#type:17:java.lang.Object:
dev.s7a.strata.runtime.remote.RemoteInputSubscriptions#field:25:INSTANCE:Ldev/s7a/strata/runtime/remote/RemoteInputSubscriptions;
dev.s7a.strata.runtime.remote.RemoteInputSubscriptions#method:17:register:(Ldev/s7a/strata/runtime/remote/RemoteRegistry;)V
dev.s7a.strata.runtime.remote.RemoteInputSubscriptions#type:17:java.lang.Object:
dev.s7a.strata.runtime.remote.RemoteLayouts#field:25:INSTANCE:Ldev/s7a/strata/runtime/remote/RemoteLayouts;
dev.s7a.strata.runtime.remote.RemoteLayouts#method:17:register:(Ldev/s7a/strata/runtime/remote/RemoteRegistry;)V
dev.s7a.strata.runtime.remote.RemoteLayouts#type:17:java.lang.Object:
dev.s7a.strata.runtime.remote.RemoteLifecycleEvent#type:1537::
dev.s7a.strata.runtime.remote.RemoteLifecycleEvent$Closed#constructor:1:(Ljava/lang/Object;JLdev/s7a/strata/ui/UiSession;Ldev/s7a/strata/ui/UiPresentation;Ldev/s7a/strata/ui/UiCategory;Ldev/s7a/strata/ui/UiCloseReason;)V
dev.s7a.strata.runtime.remote.RemoteLifecycleEvent$Closed#method:17:component1:()Ljava/lang/Object;
dev.s7a.strata.runtime.remote.RemoteLifecycleEvent$Closed#method:17:component2:()J
dev.s7a.strata.runtime.remote.RemoteLifecycleEvent$Closed#method:17:component3:()Ldev/s7a/strata/ui/UiSession;
dev.s7a.strata.runtime.remote.RemoteLifecycleEvent$Closed#method:17:component4:()Ldev/s7a/strata/ui/UiPresentation;
dev.s7a.strata.runtime.remote.RemoteLifecycleEvent$Closed#method:17:component5:()Ldev/s7a/strata/ui/UiCategory;
dev.s7a.strata.runtime.remote.RemoteLifecycleEvent$Closed#method:17:component6:()Ldev/s7a/strata/ui/UiCloseReason;
dev.s7a.strata.runtime.remote.RemoteLifecycleEvent$Closed#method:17:copy:(Ljava/lang/Object;JLdev/s7a/strata/ui/UiSession;Ldev/s7a/strata/ui/UiPresentation;Ldev/s7a/strata/ui/UiCategory;Ldev/s7a/strata/ui/UiCloseReason;)Ldev/s7a/strata/runtime/remote/RemoteLifecycleEvent$Closed;
dev.s7a.strata.runtime.remote.RemoteLifecycleEvent$Closed#method:17:getCategory:()Ldev/s7a/strata/ui/UiCategory;
dev.s7a.strata.runtime.remote.RemoteLifecycleEvent$Closed#method:17:getIdentity:()J
dev.s7a.strata.runtime.remote.RemoteLifecycleEvent$Closed#method:17:getOwner:()Ljava/lang/Object;
dev.s7a.strata.runtime.remote.RemoteLifecycleEvent$Closed#method:17:getPresentation:()Ldev/s7a/strata/ui/UiPresentation;
dev.s7a.strata.runtime.remote.RemoteLifecycleEvent$Closed#method:17:getReason:()Ldev/s7a/strata/ui/UiCloseReason;
dev.s7a.strata.runtime.remote.RemoteLifecycleEvent$Closed#method:17:getSession:()Ldev/s7a/strata/ui/UiSession;
dev.s7a.strata.runtime.remote.RemoteLifecycleEvent$Closed#method:1:equals:(Ljava/lang/Object;)Z
dev.s7a.strata.runtime.remote.RemoteLifecycleEvent$Closed#method:1:hashCode:()I
dev.s7a.strata.runtime.remote.RemoteLifecycleEvent$Closed#method:1:toString:()Ljava/lang/String;
dev.s7a.strata.runtime.remote.RemoteLifecycleEvent$Closed#type:25:java.lang.Object:dev.s7a.strata.runtime.remote.RemoteLifecycleEvent
dev.s7a.strata.runtime.remote.RemoteLifecycleEvent$Disconnected#constructor:1:(Ldev/s7a/strata/ui/UiCloseReason;)V
dev.s7a.strata.runtime.remote.RemoteLifecycleEvent$Disconnected#method:17:component1:()Ldev/s7a/strata/ui/UiCloseReason;
dev.s7a.strata.runtime.remote.RemoteLifecycleEvent$Disconnected#method:17:copy:(Ldev/s7a/strata/ui/UiCloseReason;)Ldev/s7a/strata/runtime/remote/RemoteLifecycleEvent$Disconnected;
dev.s7a.strata.runtime.remote.RemoteLifecycleEvent$Disconnected#method:17:getReason:()Ldev/s7a/strata/ui/UiCloseReason;
dev.s7a.strata.runtime.remote.RemoteLifecycleEvent$Disconnected#method:1:equals:(Ljava/lang/Object;)Z
dev.s7a.strata.runtime.remote.RemoteLifecycleEvent$Disconnected#method:1:hashCode:()I
dev.s7a.strata.runtime.remote.RemoteLifecycleEvent$Disconnected#method:1:toString:()Ljava/lang/String;
dev.s7a.strata.runtime.remote.RemoteLifecycleEvent$Disconnected#type:25:java.lang.Object:dev.s7a.strata.runtime.remote.RemoteLifecycleEvent
dev.s7a.strata.runtime.remote.RemoteLifecycleEvent$Opened#constructor:1:(Ljava/lang/Object;JLdev/s7a/strata/ui/UiSession;Ldev/s7a/strata/ui/UiPresentation;Ldev/s7a/strata/ui/UiCategory;)V
dev.s7a.strata.runtime.remote.RemoteLifecycleEvent$Opened#method:17:component1:()Ljava/lang/Object;
dev.s7a.strata.runtime.remote.RemoteLifecycleEvent$Opened#method:17:component2:()J
dev.s7a.strata.runtime.remote.RemoteLifecycleEvent$Opened#method:17:component3:()Ldev/s7a/strata/ui/UiSession;
dev.s7a.strata.runtime.remote.RemoteLifecycleEvent$Opened#method:17:component4:()Ldev/s7a/strata/ui/UiPresentation;
dev.s7a.strata.runtime.remote.RemoteLifecycleEvent$Opened#method:17:component5:()Ldev/s7a/strata/ui/UiCategory;
dev.s7a.strata.runtime.remote.RemoteLifecycleEvent$Opened#method:17:copy:(Ljava/lang/Object;JLdev/s7a/strata/ui/UiSession;Ldev/s7a/strata/ui/UiPresentation;Ldev/s7a/strata/ui/UiCategory;)Ldev/s7a/strata/runtime/remote/RemoteLifecycleEvent$Opened;
dev.s7a.strata.runtime.remote.RemoteLifecycleEvent$Opened#method:17:getCategory:()Ldev/s7a/strata/ui/UiCategory;
dev.s7a.strata.runtime.remote.RemoteLifecycleEvent$Opened#method:17:getIdentity:()J
dev.s7a.strata.runtime.remote.RemoteLifecycleEvent$Opened#method:17:getOwner:()Ljava/lang/Object;
dev.s7a.strata.runtime.remote.RemoteLifecycleEvent$Opened#method:17:getPresentation:()Ldev/s7a/strata/ui/UiPresentation;
dev.s7a.strata.runtime.remote.RemoteLifecycleEvent$Opened#method:17:getSession:()Ldev/s7a/strata/ui/UiSession;
dev.s7a.strata.runtime.remote.RemoteLifecycleEvent$Opened#method:1:equals:(Ljava/lang/Object;)Z
dev.s7a.strata.runtime.remote.RemoteLifecycleEvent$Opened#method:1:hashCode:()I
dev.s7a.strata.runtime.remote.RemoteLifecycleEvent$Opened#method:1:toString:()Ljava/lang/String;
dev.s7a.strata.runtime.remote.RemoteLifecycleEvent$Opened#type:25:java.lang.Object:dev.s7a.strata.runtime.remote.RemoteLifecycleEvent
dev.s7a.strata.runtime.remote.RemoteLifecycleEvent$PresentationChanged#constructor:1:(Ljava/lang/Object;JLdev/s7a/strata/ui/UiSession;Ldev/s7a/strata/ui/UiPresentation;Ldev/s7a/strata/ui/UiPresentation;Ldev/s7a/strata/ui/UiCategory;)V
dev.s7a.strata.runtime.remote.RemoteLifecycleEvent$PresentationChanged#method:17:component1:()Ljava/lang/Object;
dev.s7a.strata.runtime.remote.RemoteLifecycleEvent$PresentationChanged#method:17:component2:()J
dev.s7a.strata.runtime.remote.RemoteLifecycleEvent$PresentationChanged#method:17:component3:()Ldev/s7a/strata/ui/UiSession;
dev.s7a.strata.runtime.remote.RemoteLifecycleEvent$PresentationChanged#method:17:component4:()Ldev/s7a/strata/ui/UiPresentation;
dev.s7a.strata.runtime.remote.RemoteLifecycleEvent$PresentationChanged#method:17:component5:()Ldev/s7a/strata/ui/UiPresentation;
dev.s7a.strata.runtime.remote.RemoteLifecycleEvent$PresentationChanged#method:17:component6:()Ldev/s7a/strata/ui/UiCategory;
dev.s7a.strata.runtime.remote.RemoteLifecycleEvent$PresentationChanged#method:17:copy:(Ljava/lang/Object;JLdev/s7a/strata/ui/UiSession;Ldev/s7a/strata/ui/UiPresentation;Ldev/s7a/strata/ui/UiPresentation;Ldev/s7a/strata/ui/UiCategory;)Ldev/s7a/strata/runtime/remote/RemoteLifecycleEvent$PresentationChanged;
dev.s7a.strata.runtime.remote.RemoteLifecycleEvent$PresentationChanged#method:17:getCategory:()Ldev/s7a/strata/ui/UiCategory;
dev.s7a.strata.runtime.remote.RemoteLifecycleEvent$PresentationChanged#method:17:getIdentity:()J
dev.s7a.strata.runtime.remote.RemoteLifecycleEvent$PresentationChanged#method:17:getOwner:()Ljava/lang/Object;
dev.s7a.strata.runtime.remote.RemoteLifecycleEvent$PresentationChanged#method:17:getPresentation:()Ldev/s7a/strata/ui/UiPresentation;
dev.s7a.strata.runtime.remote.RemoteLifecycleEvent$PresentationChanged#method:17:getPrevious:()Ldev/s7a/strata/ui/UiPresentation;
dev.s7a.strata.runtime.remote.RemoteLifecycleEvent$PresentationChanged#method:17:getSession:()Ldev/s7a/strata/ui/UiSession;
dev.s7a.strata.runtime.remote.RemoteLifecycleEvent$PresentationChanged#method:1:equals:(Ljava/lang/Object;)Z
dev.s7a.strata.runtime.remote.RemoteLifecycleEvent$PresentationChanged#method:1:hashCode:()I
dev.s7a.strata.runtime.remote.RemoteLifecycleEvent$PresentationChanged#method:1:toString:()Ljava/lang/String;
dev.s7a.strata.runtime.remote.RemoteLifecycleEvent$PresentationChanged#type:25:java.lang.Object:dev.s7a.strata.runtime.remote.RemoteLifecycleEvent
dev.s7a.strata.runtime.remote.RemoteLifecycleEvent$Ready#constructor:1:(Ldev/s7a/strata/ui/UiClientCapabilities;)V
dev.s7a.strata.runtime.remote.RemoteLifecycleEvent$Ready#method:17:component1:()Ldev/s7a/strata/ui/UiClientCapabilities;
dev.s7a.strata.runtime.remote.RemoteLifecycleEvent$Ready#method:17:copy:(Ldev/s7a/strata/ui/UiClientCapabilities;)Ldev/s7a/strata/runtime/remote/RemoteLifecycleEvent$Ready;
dev.s7a.strata.runtime.remote.RemoteLifecycleEvent$Ready#method:17:getCapabilities:()Ldev/s7a/strata/ui/UiClientCapabilities;
dev.s7a.strata.runtime.remote.RemoteLifecycleEvent$Ready#method:1:equals:(Ljava/lang/Object;)Z
dev.s7a.strata.runtime.remote.RemoteLifecycleEvent$Ready#method:1:hashCode:()I
dev.s7a.strata.runtime.remote.RemoteLifecycleEvent$Ready#method:1:toString:()Ljava/lang/String;
dev.s7a.strata.runtime.remote.RemoteLifecycleEvent$Ready#type:25:java.lang.Object:dev.s7a.strata.runtime.remote.RemoteLifecycleEvent
dev.s7a.strata.runtime.remote.RemoteLimits#constructor:1:()V
dev.s7a.strata.runtime.remote.RemoteLimits#constructor:1:(IIIIIIJIJI)V
dev.s7a.strata.runtime.remote.RemoteLimits#method:17:component10:()I
dev.s7a.strata.runtime.remote.RemoteLimits#method:17:component1:()I
dev.s7a.strata.runtime.remote.RemoteLimits#method:17:component2:()I
dev.s7a.strata.runtime.remote.RemoteLimits#method:17:component3:()I
dev.s7a.strata.runtime.remote.RemoteLimits#method:17:component4:()I
dev.s7a.strata.runtime.remote.RemoteLimits#method:17:component5:()I
dev.s7a.strata.runtime.remote.RemoteLimits#method:17:component6:()I
dev.s7a.strata.runtime.remote.RemoteLimits#method:17:component7:()J
dev.s7a.strata.runtime.remote.RemoteLimits#method:17:component8:()I
dev.s7a.strata.runtime.remote.RemoteLimits#method:17:component9:()J
dev.s7a.strata.runtime.remote.RemoteLimits#method:17:copy:(IIIIIIJIJI)Ldev/s7a/strata/runtime/remote/RemoteLimits;
dev.s7a.strata.runtime.remote.RemoteLimits#method:17:getAssemblyMillis:()J
dev.s7a.strata.runtime.remote.RemoteLimits#method:17:getCollectionEntries:()I
dev.s7a.strata.runtime.remote.RemoteLimits#method:17:getFrameBytes:()I
dev.s7a.strata.runtime.remote.RemoteLimits#method:17:getHudSessions:()I
dev.s7a.strata.runtime.remote.RemoteLimits#method:17:getMessageBytes:()I
dev.s7a.strata.runtime.remote.RemoteLimits#method:17:getPendingBytes:()I
dev.s7a.strata.runtime.remote.RemoteLimits#method:17:getReconstructionMillis:()J
dev.s7a.strata.runtime.remote.RemoteLimits#method:17:getTreeNodes:()I
dev.s7a.strata.runtime.remote.RemoteLimits#method:17:getValueDepth:()I
dev.s7a.strata.runtime.remote.RemoteLimits#method:17:getValueEntries:()I
dev.s7a.strata.runtime.remote.RemoteLimits#method:17:intersect:(Ldev/s7a/strata/runtime/remote/RemoteLimits;)Ldev/s7a/strata/runtime/remote/RemoteLimits;
dev.s7a.strata.runtime.remote.RemoteLimits#method:1:equals:(Ljava/lang/Object;)Z
dev.s7a.strata.runtime.remote.RemoteLimits#method:1:hashCode:()I
dev.s7a.strata.runtime.remote.RemoteLimits#method:1:toString:()Ljava/lang/String;
dev.s7a.strata.runtime.remote.RemoteLimits#type:17:java.lang.Object:
dev.s7a.strata.runtime.remote.RemoteMessage#method:1025:getSession:()Ljava/lang/Long;
dev.s7a.strata.runtime.remote.RemoteMessage#type:1537::
dev.s7a.strata.runtime.remote.RemoteMessage$Acknowledgement#constructor:1:(JJJ)V
dev.s7a.strata.runtime.remote.RemoteMessage$Acknowledgement#method:17:component1:()J
dev.s7a.strata.runtime.remote.RemoteMessage$Acknowledgement#method:17:component2:()J
dev.s7a.strata.runtime.remote.RemoteMessage$Acknowledgement#method:17:component3:()J
dev.s7a.strata.runtime.remote.RemoteMessage$Acknowledgement#method:17:copy:(JJJ)Ldev/s7a/strata/runtime/remote/RemoteMessage$Acknowledgement;
dev.s7a.strata.runtime.remote.RemoteMessage$Acknowledgement#method:17:getRevision:()J
dev.s7a.strata.runtime.remote.RemoteMessage$Acknowledgement#method:17:getSequence:()J
dev.s7a.strata.runtime.remote.RemoteMessage$Acknowledgement#method:1:equals:(Ljava/lang/Object;)Z
dev.s7a.strata.runtime.remote.RemoteMessage$Acknowledgement#method:1:getSession:()Ljava/lang/Long;
dev.s7a.strata.runtime.remote.RemoteMessage$Acknowledgement#method:1:hashCode:()I
dev.s7a.strata.runtime.remote.RemoteMessage$Acknowledgement#method:1:toString:()Ljava/lang/String;
dev.s7a.strata.runtime.remote.RemoteMessage$Acknowledgement#type:25:java.lang.Object:dev.s7a.strata.runtime.remote.RemoteMessage
dev.s7a.strata.runtime.remote.RemoteMessage$Action#constructor:1:(JJJLdev/s7a/strata/projection/ProjectionType;Ldev/s7a/strata/projection/ProjectionValue;)V
dev.s7a.strata.runtime.remote.RemoteMessage$Action#method:17:component1:()J
dev.s7a.strata.runtime.remote.RemoteMessage$Action#method:17:component2:()J
dev.s7a.strata.runtime.remote.RemoteMessage$Action#method:17:component3:()J
dev.s7a.strata.runtime.remote.RemoteMessage$Action#method:17:component4:()Ldev/s7a/strata/projection/ProjectionType;
dev.s7a.strata.runtime.remote.RemoteMessage$Action#method:17:component5:()Ldev/s7a/strata/projection/ProjectionValue;
dev.s7a.strata.runtime.remote.RemoteMessage$Action#method:17:copy:(JJJLdev/s7a/strata/projection/ProjectionType;Ldev/s7a/strata/projection/ProjectionValue;)Ldev/s7a/strata/runtime/remote/RemoteMessage$Action;
dev.s7a.strata.runtime.remote.RemoteMessage$Action#method:17:getEndpoint:()J
dev.s7a.strata.runtime.remote.RemoteMessage$Action#method:17:getSequence:()J
dev.s7a.strata.runtime.remote.RemoteMessage$Action#method:17:getType:()Ldev/s7a/strata/projection/ProjectionType;
dev.s7a.strata.runtime.remote.RemoteMessage$Action#method:17:getValue:()Ldev/s7a/strata/projection/ProjectionValue;
dev.s7a.strata.runtime.remote.RemoteMessage$Action#method:1:equals:(Ljava/lang/Object;)Z
dev.s7a.strata.runtime.remote.RemoteMessage$Action#method:1:getSession:()Ljava/lang/Long;
dev.s7a.strata.runtime.remote.RemoteMessage$Action#method:1:hashCode:()I
dev.s7a.strata.runtime.remote.RemoteMessage$Action#method:1:toString:()Ljava/lang/String;
dev.s7a.strata.runtime.remote.RemoteMessage$Action#type:25:java.lang.Object:dev.s7a.strata.runtime.remote.RemoteMessage
dev.s7a.strata.runtime.remote.RemoteMessage$Applied#constructor:1:(JJ)V
dev.s7a.strata.runtime.remote.RemoteMessage$Applied#method:17:component1:()J
dev.s7a.strata.runtime.remote.RemoteMessage$Applied#method:17:component2:()J
dev.s7a.strata.runtime.remote.RemoteMessage$Applied#method:17:copy:(JJ)Ldev/s7a/strata/runtime/remote/RemoteMessage$Applied;
dev.s7a.strata.runtime.remote.RemoteMessage$Applied#method:17:getRevision:()J
dev.s7a.strata.runtime.remote.RemoteMessage$Applied#method:1:equals:(Ljava/lang/Object;)Z
dev.s7a.strata.runtime.remote.RemoteMessage$Applied#method:1:getSession:()Ljava/lang/Long;
dev.s7a.strata.runtime.remote.RemoteMessage$Applied#method:1:hashCode:()I
dev.s7a.strata.runtime.remote.RemoteMessage$Applied#method:1:toString:()Ljava/lang/String;
dev.s7a.strata.runtime.remote.RemoteMessage$Applied#type:25:java.lang.Object:dev.s7a.strata.runtime.remote.RemoteMessage
dev.s7a.strata.runtime.remote.RemoteMessage$Close#constructor:1:(JLdev/s7a/strata/runtime/remote/RemoteFailure;)V
dev.s7a.strata.runtime.remote.RemoteMessage$Close#method:17:component1:()J
dev.s7a.strata.runtime.remote.RemoteMessage$Close#method:17:component2:()Ldev/s7a/strata/runtime/remote/RemoteFailure;
dev.s7a.strata.runtime.remote.RemoteMessage$Close#method:17:copy:(JLdev/s7a/strata/runtime/remote/RemoteFailure;)Ldev/s7a/strata/runtime/remote/RemoteMessage$Close;
dev.s7a.strata.runtime.remote.RemoteMessage$Close#method:17:getReason:()Ldev/s7a/strata/runtime/remote/RemoteFailure;
dev.s7a.strata.runtime.remote.RemoteMessage$Close#method:1:equals:(Ljava/lang/Object;)Z
dev.s7a.strata.runtime.remote.RemoteMessage$Close#method:1:getSession:()Ljava/lang/Long;
dev.s7a.strata.runtime.remote.RemoteMessage$Close#method:1:hashCode:()I
dev.s7a.strata.runtime.remote.RemoteMessage$Close#method:1:toString:()Ljava/lang/String;
dev.s7a.strata.runtime.remote.RemoteMessage$Close#type:25:java.lang.Object:dev.s7a.strata.runtime.remote.RemoteMessage
dev.s7a.strata.runtime.remote.RemoteMessage$Control#constructor:1:(JLdev/s7a/strata/runtime/spi/RuntimeUiControl;)V
dev.s7a.strata.runtime.remote.RemoteMessage$Control#method:17:component1:()J
dev.s7a.strata.runtime.remote.RemoteMessage$Control#method:17:component2:()Ldev/s7a/strata/runtime/spi/RuntimeUiControl;
dev.s7a.strata.runtime.remote.RemoteMessage$Control#method:17:copy:(JLdev/s7a/strata/runtime/spi/RuntimeUiControl;)Ldev/s7a/strata/runtime/remote/RemoteMessage$Control;
dev.s7a.strata.runtime.remote.RemoteMessage$Control#method:17:getState:()Ldev/s7a/strata/runtime/spi/RuntimeUiControl;
dev.s7a.strata.runtime.remote.RemoteMessage$Control#method:1:equals:(Ljava/lang/Object;)Z
dev.s7a.strata.runtime.remote.RemoteMessage$Control#method:1:getSession:()Ljava/lang/Long;
dev.s7a.strata.runtime.remote.RemoteMessage$Control#method:1:hashCode:()I
dev.s7a.strata.runtime.remote.RemoteMessage$Control#method:1:toString:()Ljava/lang/String;
dev.s7a.strata.runtime.remote.RemoteMessage$Control#type:25:java.lang.Object:dev.s7a.strata.runtime.remote.RemoteMessage
dev.s7a.strata.runtime.remote.RemoteMessage$ControlApplied#constructor:1:(JJLdev/s7a/strata/ui/UiRejection;)V
dev.s7a.strata.runtime.remote.RemoteMessage$ControlApplied#method:17:component1:()J
dev.s7a.strata.runtime.remote.RemoteMessage$ControlApplied#method:17:component2:()J
dev.s7a.strata.runtime.remote.RemoteMessage$ControlApplied#method:17:component3:()Ldev/s7a/strata/ui/UiRejection;
dev.s7a.strata.runtime.remote.RemoteMessage$ControlApplied#method:17:copy:(JJLdev/s7a/strata/ui/UiRejection;)Ldev/s7a/strata/runtime/remote/RemoteMessage$ControlApplied;
dev.s7a.strata.runtime.remote.RemoteMessage$ControlApplied#method:17:getRejection:()Ldev/s7a/strata/ui/UiRejection;
dev.s7a.strata.runtime.remote.RemoteMessage$ControlApplied#method:17:getSequence:()J
dev.s7a.strata.runtime.remote.RemoteMessage$ControlApplied#method:1:equals:(Ljava/lang/Object;)Z
dev.s7a.strata.runtime.remote.RemoteMessage$ControlApplied#method:1:getSession:()Ljava/lang/Long;
dev.s7a.strata.runtime.remote.RemoteMessage$ControlApplied#method:1:hashCode:()I
dev.s7a.strata.runtime.remote.RemoteMessage$ControlApplied#method:1:toString:()Ljava/lang/String;
dev.s7a.strata.runtime.remote.RemoteMessage$ControlApplied#type:25:java.lang.Object:dev.s7a.strata.runtime.remote.RemoteMessage
dev.s7a.strata.runtime.remote.RemoteMessage$ControlReceipt#constructor:1:(JJLdev/s7a/strata/ui/UiRejection;)V
dev.s7a.strata.runtime.remote.RemoteMessage$ControlReceipt#method:17:component1:()J
dev.s7a.strata.runtime.remote.RemoteMessage$ControlReceipt#method:17:component2:()J
dev.s7a.strata.runtime.remote.RemoteMessage$ControlReceipt#method:17:component3:()Ldev/s7a/strata/ui/UiRejection;
dev.s7a.strata.runtime.remote.RemoteMessage$ControlReceipt#method:17:copy:(JJLdev/s7a/strata/ui/UiRejection;)Ldev/s7a/strata/runtime/remote/RemoteMessage$ControlReceipt;
dev.s7a.strata.runtime.remote.RemoteMessage$ControlReceipt#method:17:getRejection:()Ldev/s7a/strata/ui/UiRejection;
dev.s7a.strata.runtime.remote.RemoteMessage$ControlReceipt#method:17:getSequence:()J
dev.s7a.strata.runtime.remote.RemoteMessage$ControlReceipt#method:1:equals:(Ljava/lang/Object;)Z
dev.s7a.strata.runtime.remote.RemoteMessage$ControlReceipt#method:1:getSession:()Ljava/lang/Long;
dev.s7a.strata.runtime.remote.RemoteMessage$ControlReceipt#method:1:hashCode:()I
dev.s7a.strata.runtime.remote.RemoteMessage$ControlReceipt#method:1:toString:()Ljava/lang/String;
dev.s7a.strata.runtime.remote.RemoteMessage$ControlReceipt#type:25:java.lang.Object:dev.s7a.strata.runtime.remote.RemoteMessage
dev.s7a.strata.runtime.remote.RemoteMessage$ControlRequest#constructor:1:(JLdev/s7a/strata/runtime/spi/RuntimeUiControl;)V
dev.s7a.strata.runtime.remote.RemoteMessage$ControlRequest#method:17:component1:()J
dev.s7a.strata.runtime.remote.RemoteMessage$ControlRequest#method:17:component2:()Ldev/s7a/strata/runtime/spi/RuntimeUiControl;
dev.s7a.strata.runtime.remote.RemoteMessage$ControlRequest#method:17:copy:(JLdev/s7a/strata/runtime/spi/RuntimeUiControl;)Ldev/s7a/strata/runtime/remote/RemoteMessage$ControlRequest;
dev.s7a.strata.runtime.remote.RemoteMessage$ControlRequest#method:17:getState:()Ldev/s7a/strata/runtime/spi/RuntimeUiControl;
dev.s7a.strata.runtime.remote.RemoteMessage$ControlRequest#method:1:equals:(Ljava/lang/Object;)Z
dev.s7a.strata.runtime.remote.RemoteMessage$ControlRequest#method:1:getSession:()Ljava/lang/Long;
dev.s7a.strata.runtime.remote.RemoteMessage$ControlRequest#method:1:hashCode:()I
dev.s7a.strata.runtime.remote.RemoteMessage$ControlRequest#method:1:toString:()Ljava/lang/String;
dev.s7a.strata.runtime.remote.RemoteMessage$ControlRequest#type:25:java.lang.Object:dev.s7a.strata.runtime.remote.RemoteMessage
dev.s7a.strata.runtime.remote.RemoteMessage$Hello#constructor:1:(ILdev/s7a/strata/runtime/remote/RemoteLimits;Ljava/util/Set;)V
dev.s7a.strata.runtime.remote.RemoteMessage$Hello#method:17:getLimits:()Ldev/s7a/strata/runtime/remote/RemoteLimits;
dev.s7a.strata.runtime.remote.RemoteMessage$Hello#method:17:getProtocol:()I
dev.s7a.strata.runtime.remote.RemoteMessage$Hello#method:17:getTypes:()Ljava/util/Set;
dev.s7a.strata.runtime.remote.RemoteMessage$Hello#method:1:getSession:()Ljava/lang/Long;
dev.s7a.strata.runtime.remote.RemoteMessage$Hello#type:25:java.lang.Object:dev.s7a.strata.runtime.remote.RemoteMessage
dev.s7a.strata.runtime.remote.RemoteMessage$Resynchronize#constructor:1:(J)V
dev.s7a.strata.runtime.remote.RemoteMessage$Resynchronize#method:17:component1:()J
dev.s7a.strata.runtime.remote.RemoteMessage$Resynchronize#method:17:copy:(J)Ldev/s7a/strata/runtime/remote/RemoteMessage$Resynchronize;
dev.s7a.strata.runtime.remote.RemoteMessage$Resynchronize#method:1:equals:(Ljava/lang/Object;)Z
dev.s7a.strata.runtime.remote.RemoteMessage$Resynchronize#method:1:getSession:()Ljava/lang/Long;
dev.s7a.strata.runtime.remote.RemoteMessage$Resynchronize#method:1:hashCode:()I
dev.s7a.strata.runtime.remote.RemoteMessage$Resynchronize#method:1:toString:()Ljava/lang/String;
dev.s7a.strata.runtime.remote.RemoteMessage$Resynchronize#type:25:java.lang.Object:dev.s7a.strata.runtime.remote.RemoteMessage
dev.s7a.strata.runtime.remote.RemoteMessage$Snapshot#constructor:1:(JJLdev/s7a/strata/projection/ProjectionValue;Ldev/s7a/strata/runtime/remote/RemoteTree;ZLdev/s7a/strata/runtime/remote/RemoteUiSettings;Ldev/s7a/strata/runtime/spi/RuntimeUiControl;)V
dev.s7a.strata.runtime.remote.RemoteMessage$Snapshot#method:17:component1:()J
dev.s7a.strata.runtime.remote.RemoteMessage$Snapshot#method:17:component2:()J
dev.s7a.strata.runtime.remote.RemoteMessage$Snapshot#method:17:component3:()Ldev/s7a/strata/projection/ProjectionValue;
dev.s7a.strata.runtime.remote.RemoteMessage$Snapshot#method:17:component4:()Ldev/s7a/strata/runtime/remote/RemoteTree;
dev.s7a.strata.runtime.remote.RemoteMessage$Snapshot#method:17:component5:()Z
dev.s7a.strata.runtime.remote.RemoteMessage$Snapshot#method:17:component6:()Ldev/s7a/strata/runtime/remote/RemoteUiSettings;
dev.s7a.strata.runtime.remote.RemoteMessage$Snapshot#method:17:component7:()Ldev/s7a/strata/runtime/spi/RuntimeUiControl;
dev.s7a.strata.runtime.remote.RemoteMessage$Snapshot#method:17:copy:(JJLdev/s7a/strata/projection/ProjectionValue;Ldev/s7a/strata/runtime/remote/RemoteTree;ZLdev/s7a/strata/runtime/remote/RemoteUiSettings;Ldev/s7a/strata/runtime/spi/RuntimeUiControl;)Ldev/s7a/strata/runtime/remote/RemoteMessage$Snapshot;
dev.s7a.strata.runtime.remote.RemoteMessage$Snapshot#method:17:getControl:()Ldev/s7a/strata/runtime/spi/RuntimeUiControl;
dev.s7a.strata.runtime.remote.RemoteMessage$Snapshot#method:17:getPausesGame:()Z
dev.s7a.strata.runtime.remote.RemoteMessage$Snapshot#method:17:getRevision:()J
dev.s7a.strata.runtime.remote.RemoteMessage$Snapshot#method:17:getSettings:()Ldev/s7a/strata/runtime/remote/RemoteUiSettings;
dev.s7a.strata.runtime.remote.RemoteMessage$Snapshot#method:17:getTitle:()Ldev/s7a/strata/projection/ProjectionValue;
dev.s7a.strata.runtime.remote.RemoteMessage$Snapshot#method:17:getTree:()Ldev/s7a/strata/runtime/remote/RemoteTree;
dev.s7a.strata.runtime.remote.RemoteMessage$Snapshot#method:1:equals:(Ljava/lang/Object;)Z
dev.s7a.strata.runtime.remote.RemoteMessage$Snapshot#method:1:getSession:()Ljava/lang/Long;
dev.s7a.strata.runtime.remote.RemoteMessage$Snapshot#method:1:hashCode:()I
dev.s7a.strata.runtime.remote.RemoteMessage$Snapshot#method:1:toString:()Ljava/lang/String;
dev.s7a.strata.runtime.remote.RemoteMessage$Snapshot#type:25:java.lang.Object:dev.s7a.strata.runtime.remote.RemoteMessage
dev.s7a.strata.runtime.remote.RemoteMessage$Update#constructor:1:(JJJLdev/s7a/strata/runtime/remote/RemotePatch;)V
dev.s7a.strata.runtime.remote.RemoteMessage$Update#method:17:component1:()J
dev.s7a.strata.runtime.remote.RemoteMessage$Update#method:17:component2:()J
dev.s7a.strata.runtime.remote.RemoteMessage$Update#method:17:component3:()J
dev.s7a.strata.runtime.remote.RemoteMessage$Update#method:17:component4:()Ldev/s7a/strata/runtime/remote/RemotePatch;
dev.s7a.strata.runtime.remote.RemoteMessage$Update#method:17:copy:(JJJLdev/s7a/strata/runtime/remote/RemotePatch;)Ldev/s7a/strata/runtime/remote/RemoteMessage$Update;
dev.s7a.strata.runtime.remote.RemoteMessage$Update#method:17:getBaseRevision:()J
dev.s7a.strata.runtime.remote.RemoteMessage$Update#method:17:getPatch:()Ldev/s7a/strata/runtime/remote/RemotePatch;
dev.s7a.strata.runtime.remote.RemoteMessage$Update#method:17:getRevision:()J
dev.s7a.strata.runtime.remote.RemoteMessage$Update#method:1:equals:(Ljava/lang/Object;)Z
dev.s7a.strata.runtime.remote.RemoteMessage$Update#method:1:getSession:()Ljava/lang/Long;
dev.s7a.strata.runtime.remote.RemoteMessage$Update#method:1:hashCode:()I
dev.s7a.strata.runtime.remote.RemoteMessage$Update#method:1:toString:()Ljava/lang/String;
dev.s7a.strata.runtime.remote.RemoteMessage$Update#type:25:java.lang.Object:dev.s7a.strata.runtime.remote.RemoteMessage
dev.s7a.strata.runtime.remote.RemoteMessageCodec#constructor:1:()V
dev.s7a.strata.runtime.remote.RemoteMessageCodec#constructor:1:(Ldev/s7a/strata/runtime/remote/RemoteLimits;)V
dev.s7a.strata.runtime.remote.RemoteMessageCodec#method:17:decode:([B)Ldev/s7a/strata/runtime/remote/RemoteMessage;
dev.s7a.strata.runtime.remote.RemoteMessageCodec#method:17:encode:(Ldev/s7a/strata/runtime/remote/RemoteMessage;)[B
dev.s7a.strata.runtime.remote.RemoteMessageCodec#type:17:java.lang.Object:
dev.s7a.strata.runtime.remote.RemoteMessageCodec$WhenMappings#type:4121:java.lang.Object:
dev.s7a.strata.runtime.remote.RemoteModifierContext#constructor:1:(JLdev/s7a/strata/runtime/remote/RemoteClientActions;Ldev/s7a/strata/runtime/remote/RemoteClientStates;)V
dev.s7a.strata.runtime.remote.RemoteModifierContext#method:17:getActions:()Ldev/s7a/strata/runtime/remote/RemoteClientActions;
dev.s7a.strata.runtime.remote.RemoteModifierContext#method:17:getIdentity:()J
dev.s7a.strata.runtime.remote.RemoteModifierContext#method:17:getStates:()Ldev/s7a/strata/runtime/remote/RemoteClientStates;
dev.s7a.strata.runtime.remote.RemoteModifierContext#type:17:java.lang.Object:
dev.s7a.strata.runtime.remote.RemoteModifiers#field:25:INSTANCE:Ldev/s7a/strata/runtime/remote/RemoteModifiers;
dev.s7a.strata.runtime.remote.RemoteModifiers#method:17:register:(Ldev/s7a/strata/runtime/remote/RemoteRegistry;)V
dev.s7a.strata.runtime.remote.RemoteModifiers#type:17:java.lang.Object:
dev.s7a.strata.runtime.remote.RemoteNativeTransfer#field:25:Companion:Ldev/s7a/strata/runtime/remote/RemoteNativeTransfer$Companion;
dev.s7a.strata.runtime.remote.RemoteNativeTransfer#method:17:cancellation:()Ldev/s7a/strata/runtime/remote/RemoteNativeTransfer;
dev.s7a.strata.runtime.remote.RemoteNativeTransfer#method:17:getFirstBytes:()I
dev.s7a.strata.runtime.remote.RemoteNativeTransfer#method:17:getFrameCount:()I
dev.s7a.strata.runtime.remote.RemoteNativeTransfer#method:17:getQueuedBytes:()I
dev.s7a.strata.runtime.remote.RemoteNativeTransfer#method:17:getRetainedHeadroom:()J
dev.s7a.strata.runtime.remote.RemoteNativeTransfer#method:17:takeFirst:()[B
dev.s7a.strata.runtime.remote.RemoteNativeTransfer#method:1:close:()V
dev.s7a.strata.runtime.remote.RemoteNativeTransfer#type:17:java.lang.Object:java.lang.AutoCloseable
dev.s7a.strata.runtime.remote.RemoteNativeTransfer$Companion#method:17:create:([BJLdev/s7a/strata/runtime/remote/RemoteLimits;Lkotlin/jvm/functions/Function1;)Ldev/s7a/strata/runtime/remote/RemoteNativeTransfer;
dev.s7a.strata.runtime.remote.RemoteNativeTransfer$Companion#type:25:java.lang.Object:
dev.s7a.strata.runtime.remote.RemoteNode#constructor:1:(Ldev/s7a/strata/runtime/remote/RemoteDeclaration;Ljava/util/List;Ljava/util/List;)V
dev.s7a.strata.runtime.remote.RemoteNode#method:17:getChildren:()Ljava/util/List;
dev.s7a.strata.runtime.remote.RemoteNode#method:17:getDeclaration:()Ldev/s7a/strata/runtime/remote/RemoteDeclaration;
dev.s7a.strata.runtime.remote.RemoteNode#method:17:getModifiers:()Ljava/util/List;
dev.s7a.strata.runtime.remote.RemoteNode#method:1:equals:(Ljava/lang/Object;)Z
dev.s7a.strata.runtime.remote.RemoteNode#method:1:hashCode:()I
dev.s7a.strata.runtime.remote.RemoteNode#type:17:java.lang.Object:
dev.s7a.strata.runtime.remote.RemotePacket#field:25:Companion:Ldev/s7a/strata/runtime/remote/RemotePacket$Companion;
dev.s7a.strata.runtime.remote.RemotePacket#type:1537::
dev.s7a.strata.runtime.remote.RemotePacket$Companion#method:17:completeNative$dev_s7a_strata_remote:(Ldev/s7a/strata/runtime/remote/RemoteAddress;J[B)[B
dev.s7a.strata.runtime.remote.RemotePacket$Companion#method:17:decode:([B)Ldev/s7a/strata/runtime/remote/RemotePacket;
dev.s7a.strata.runtime.remote.RemotePacket$Companion#method:17:encode:(Ldev/s7a/strata/runtime/remote/RemotePacket;)[B
dev.s7a.strata.runtime.remote.RemotePacket$Companion#method:17:getEnvelopeBytes$dev_s7a_strata_remote:()I
dev.s7a.strata.runtime.remote.RemotePacket$Companion#method:17:getLimits:()Ldev/s7a/strata/runtime/remote/RemoteLimits;
dev.s7a.strata.runtime.remote.RemotePacket$Companion#type:25:java.lang.Object:
dev.s7a.strata.runtime.remote.RemotePacket$Companion$WhenMappings#type:4121:java.lang.Object:
dev.s7a.strata.runtime.remote.RemotePacket$Discovery#field:25:INSTANCE:Ldev/s7a/strata/runtime/remote/RemotePacket$Discovery;
dev.s7a.strata.runtime.remote.RemotePacket$Discovery#method:1:equals:(Ljava/lang/Object;)Z
dev.s7a.strata.runtime.remote.RemotePacket$Discovery#method:1:hashCode:()I
dev.s7a.strata.runtime.remote.RemotePacket$Discovery#method:1:toString:()Ljava/lang/String;
dev.s7a.strata.runtime.remote.RemotePacket$Discovery#type:25:java.lang.Object:dev.s7a.strata.runtime.remote.RemotePacket
dev.s7a.strata.runtime.remote.RemotePacket$Frame#constructor:1:(Ldev/s7a/strata/runtime/remote/RemoteAddress;J[B)V
dev.s7a.strata.runtime.remote.RemotePacket$Frame#method:17:getAddress:()Ldev/s7a/strata/runtime/remote/RemoteAddress;
dev.s7a.strata.runtime.remote.RemotePacket$Frame#method:17:getBytes:()[B
dev.s7a.strata.runtime.remote.RemotePacket$Frame#method:17:getSequence:()J
dev.s7a.strata.runtime.remote.RemotePacket$Frame#type:25:java.lang.Object:dev.s7a.strata.runtime.remote.RemotePacket
dev.s7a.strata.runtime.remote.RemotePacketAdmission#field:25:Companion:Ldev/s7a/strata/runtime/remote/RemotePacketAdmission$Companion;
dev.s7a.strata.runtime.remote.RemotePacketAdmission#method:17:getAddress:()Ldev/s7a/strata/runtime/remote/RemoteAddress;
dev.s7a.strata.runtime.remote.RemotePacketAdmission#method:17:getKind:()Ldev/s7a/strata/runtime/remote/RemotePacketAdmission$Kind;
dev.s7a.strata.runtime.remote.RemotePacketAdmission#method:17:takeFrame$dev_s7a_strata_remote:()Ldev/s7a/strata/runtime/remote/RemotePacket$Frame;
dev.s7a.strata.runtime.remote.RemotePacketAdmission#method:1:close:()V
dev.s7a.strata.runtime.remote.RemotePacketAdmission#type:17:java.lang.Object:java.lang.AutoCloseable
dev.s7a.strata.runtime.remote.RemotePacketAdmission$Companion#method:17:decode:([B)Ldev/s7a/strata/runtime/remote/RemotePacketAdmission;
dev.s7a.strata.runtime.remote.RemotePacketAdmission$Companion#type:25:java.lang.Object:
dev.s7a.strata.runtime.remote.RemotePacketAdmission$Kind#field:16409:Discovery:Ldev/s7a/strata/runtime/remote/RemotePacketAdmission$Kind;
dev.s7a.strata.runtime.remote.RemotePacketAdmission$Kind#field:16409:Frame:Ldev/s7a/strata/runtime/remote/RemotePacketAdmission$Kind;
dev.s7a.strata.runtime.remote.RemotePacketAdmission$Kind#method:9:getEntries:()Lkotlin/enums/EnumEntries;
dev.s7a.strata.runtime.remote.RemotePacketAdmission$Kind#method:9:valueOf:(Ljava/lang/String;)Ldev/s7a/strata/runtime/remote/RemotePacketAdmission$Kind;
dev.s7a.strata.runtime.remote.RemotePacketAdmission$Kind#method:9:values:()[Ldev/s7a/strata/runtime/remote/RemotePacketAdmission$Kind;
dev.s7a.strata.runtime.remote.RemotePacketAdmission$Kind#type:16409:java.lang.Enum:
dev.s7a.strata.runtime.remote.RemotePacketStream#constructor:1:(Ldev/s7a/strata/runtime/remote/RemoteAddress;Ldev/s7a/strata/runtime/remote/RemoteLimits;Lkotlin/jvm/functions/Function1;)V
dev.s7a.strata.runtime.remote.RemotePacketStream#method:17:checkExecutionOwner$dev_s7a_strata_remote:()V
dev.s7a.strata.runtime.remote.RemotePacketStream#method:17:drain:(JILkotlin/jvm/functions/Function1;)V
dev.s7a.strata.runtime.remote.RemotePacketStream#method:17:getAddress:()Ldev/s7a/strata/runtime/remote/RemoteAddress;
dev.s7a.strata.runtime.remote.RemotePacketStream#method:17:limitTo:(Ldev/s7a/strata/runtime/remote/RemoteLimits;)V
dev.s7a.strata.runtime.remote.RemotePacketStream#method:17:offer:(Ldev/s7a/strata/runtime/remote/RemotePacket$Frame;J)V
dev.s7a.strata.runtime.remote.RemotePacketStream#method:17:offer:(Ldev/s7a/strata/runtime/remote/RemotePacketAdmission;J)V
dev.s7a.strata.runtime.remote.RemotePacketStream#method:17:send:([B)V
dev.s7a.strata.runtime.remote.RemotePacketStream#method:17:sendNative$dev_s7a_strata_remote:(Ldev/s7a/strata/runtime/remote/RemoteNativeTransfer;)V
dev.s7a.strata.runtime.remote.RemotePacketStream#method:1:close:()V
dev.s7a.strata.runtime.remote.RemotePacketStream#type:17:java.lang.Object:java.lang.AutoCloseable
dev.s7a.strata.runtime.remote.RemotePacketStream$WhenMappings#type:4121:java.lang.Object:
dev.s7a.strata.runtime.remote.RemotePanZoom#constructor:1:()V
dev.s7a.strata.runtime.remote.RemotePanZoom#method:17:get:(Ldev/s7a/strata/runtime/remote/RemotePanZoom$Properties;Ldev/s7a/strata/runtime/remote/RemoteClientStates;)Ldev/s7a/strata/component/PanZoomState;
dev.s7a.strata.runtime.remote.RemotePanZoom#method:17:prepare:(Ldev/s7a/strata/runtime/remote/RemotePanZoom$Properties;Ldev/s7a/strata/runtime/remote/RemotePreparationContext;)Ldev/s7a/strata/component/PanZoomState;
dev.s7a.strata.runtime.remote.RemotePanZoom#method:17:properties:(Ldev/s7a/strata/projection/ProjectionFields;)Ldev/s7a/strata/runtime/remote/RemotePanZoom$Properties;
dev.s7a.strata.runtime.remote.RemotePanZoom#method:17:register:(Ldev/s7a/strata/runtime/remote/RemoteRegistry;)V
dev.s7a.strata.runtime.remote.RemotePanZoom#type:17:java.lang.Object:
dev.s7a.strata.runtime.remote.RemotePanZoom$Properties#constructor:1:(Ldev/s7a/strata/runtime/remote/RemoteBindingSnapshot;DD)V
dev.s7a.strata.runtime.remote.RemotePanZoom$Properties#method:17:getBinding:()Ldev/s7a/strata/runtime/remote/RemoteBindingSnapshot;
dev.s7a.strata.runtime.remote.RemotePanZoom$Properties#method:17:getMaximum:()D
dev.s7a.strata.runtime.remote.RemotePanZoom$Properties#method:17:getMinimum:()D
dev.s7a.strata.runtime.remote.RemotePanZoom$Properties#type:25:java.lang.Object:
dev.s7a.strata.runtime.remote.RemotePatch#constructor:1:(JLjava/util/Collection;Ljava/util/Collection;)V
dev.s7a.strata.runtime.remote.RemotePatch#field:25:Companion:Ldev/s7a/strata/runtime/remote/RemotePatch$Companion;
dev.s7a.strata.runtime.remote.RemotePatch#method:17:apply:(Ldev/s7a/strata/runtime/remote/RemoteTree;Ldev/s7a/strata/runtime/remote/RemoteLimits;)Ldev/s7a/strata/runtime/remote/RemoteTree;
dev.s7a.strata.runtime.remote.RemotePatch#method:17:getChanged:()Ljava/util/List;
dev.s7a.strata.runtime.remote.RemotePatch#method:17:getRemoved:()Ljava/util/Set;
dev.s7a.strata.runtime.remote.RemotePatch#method:17:getRoot:()J
dev.s7a.strata.runtime.remote.RemotePatch#type:17:java.lang.Object:
dev.s7a.strata.runtime.remote.RemotePatch$Companion#method:17:between:(Ldev/s7a/strata/runtime/remote/RemoteTree;Ldev/s7a/strata/runtime/remote/RemoteTree;)Ldev/s7a/strata/runtime/remote/RemotePatch;
dev.s7a.strata.runtime.remote.RemotePatch$Companion#type:25:java.lang.Object:
dev.s7a.strata.runtime.remote.RemotePreparationContext#constructor:1:(JLdev/s7a/strata/runtime/remote/RemoteClientStates;)V
dev.s7a.strata.runtime.remote.RemotePreparationContext#method:17:getIdentity:()J
dev.s7a.strata.runtime.remote.RemotePreparationContext#method:17:getStates:()Ldev/s7a/strata/runtime/remote/RemoteClientStates;
dev.s7a.strata.runtime.remote.RemotePreparationContext#type:17:java.lang.Object:
dev.s7a.strata.runtime.remote.RemotePreparationPhase#field:16409:Owners:Ldev/s7a/strata/runtime/remote/RemotePreparationPhase;
dev.s7a.strata.runtime.remote.RemotePreparationPhase#field:16409:References:Ldev/s7a/strata/runtime/remote/RemotePreparationPhase;
dev.s7a.strata.runtime.remote.RemotePreparationPhase#method:9:getEntries:()Lkotlin/enums/EnumEntries;
dev.s7a.strata.runtime.remote.RemotePreparationPhase#method:9:valueOf:(Ljava/lang/String;)Ldev/s7a/strata/runtime/remote/RemotePreparationPhase;
dev.s7a.strata.runtime.remote.RemotePreparationPhase#method:9:values:()[Ldev/s7a/strata/runtime/remote/RemotePreparationPhase;
dev.s7a.strata.runtime.remote.RemotePreparationPhase#type:16401:java.lang.Enum:
dev.s7a.strata.runtime.remote.RemotePreparedTree#constructor:1:(Ldev/s7a/strata/runtime/remote/RemoteTree;Ljava/util/Map;)V
dev.s7a.strata.runtime.remote.RemotePreparedTree#method:17:build:(Ldev/s7a/strata/runtime/remote/RemoteClientActions;Ldev/s7a/strata/runtime/remote/RemoteClientStates;Ldev/s7a/strata/runtime/remote/RemoteLimits;)Ldev/s7a/strata/element/Element;
dev.s7a.strata.runtime.remote.RemotePreparedTree#method:17:getDecoded:()Ljava/util/Map;
dev.s7a.strata.runtime.remote.RemotePreparedTree#method:17:getTree:()Ldev/s7a/strata/runtime/remote/RemoteTree;
dev.s7a.strata.runtime.remote.RemotePreparedTree#method:17:prepare:(Ldev/s7a/strata/runtime/remote/RemoteClientStates;Ldev/s7a/strata/runtime/remote/RemoteLimits;)V
dev.s7a.strata.runtime.remote.RemotePreparedTree#type:17:java.lang.Object:
dev.s7a.strata.runtime.remote.RemotePreparedTree$ActiveModifier#constructor:1:(Ldev/s7a/strata/runtime/remote/RemotePreparationPhase;Lkotlin/jvm/functions/Function1;Lkotlin/jvm/functions/Function1;)V
dev.s7a.strata.runtime.remote.RemotePreparedTree$ActiveModifier#method:17:getCreate:()Lkotlin/jvm/functions/Function1;
dev.s7a.strata.runtime.remote.RemotePreparedTree$ActiveModifier#method:17:getPhase:()Ldev/s7a/strata/runtime/remote/RemotePreparationPhase;
dev.s7a.strata.runtime.remote.RemotePreparedTree$ActiveModifier#method:17:getPrepare:()Lkotlin/jvm/functions/Function1;
dev.s7a.strata.runtime.remote.RemotePreparedTree$ActiveModifier#type:25:java.lang.Object:
dev.s7a.strata.runtime.remote.RemotePreparedTree$Component#constructor:1:(Ldev/s7a/strata/runtime/remote/RemotePreparationPhase;Lkotlin/jvm/functions/Function1;Lkotlin/jvm/functions/Function1;)V
dev.s7a.strata.runtime.remote.RemotePreparedTree$Component#method:17:getCreate:()Lkotlin/jvm/functions/Function1;
dev.s7a.strata.runtime.remote.RemotePreparedTree$Component#method:17:getPhase:()Ldev/s7a/strata/runtime/remote/RemotePreparationPhase;
dev.s7a.strata.runtime.remote.RemotePreparedTree$Component#method:17:getPrepare:()Lkotlin/jvm/functions/Function1;
dev.s7a.strata.runtime.remote.RemotePreparedTree$Component#type:25:java.lang.Object:
dev.s7a.strata.runtime.remote.RemotePreparedTree$Node#constructor:1:(Ldev/s7a/strata/runtime/remote/RemotePreparedTree$Component;Ljava/util/List;)V
dev.s7a.strata.runtime.remote.RemotePreparedTree$Node#method:17:getComponent:()Ldev/s7a/strata/runtime/remote/RemotePreparedTree$Component;
dev.s7a.strata.runtime.remote.RemotePreparedTree$Node#method:17:getModifiers:()Ljava/util/List;
dev.s7a.strata.runtime.remote.RemotePreparedTree$Node#type:25:java.lang.Object:
dev.s7a.strata.runtime.remote.RemoteProfileComponent#field:16409:Button:Ldev/s7a/strata/runtime/remote/RemoteProfileComponent;
dev.s7a.strata.runtime.remote.RemoteProfileComponent#field:16409:Checkbox:Ldev/s7a/strata/runtime/remote/RemoteProfileComponent;
dev.s7a.strata.runtime.remote.RemoteProfileComponent#field:16409:ContainerBackground:Ldev/s7a/strata/runtime/remote/RemoteProfileComponent;
dev.s7a.strata.runtime.remote.RemoteProfileComponent#field:16409:CycleButton:Ldev/s7a/strata/runtime/remote/RemoteProfileComponent;
dev.s7a.strata.runtime.remote.RemoteProfileComponent#field:16409:Image:Ldev/s7a/strata/runtime/remote/RemoteProfileComponent;
dev.s7a.strata.runtime.remote.RemoteProfileComponent#field:16409:ImageBackground:Ldev/s7a/strata/runtime/remote/RemoteProfileComponent;
dev.s7a.strata.runtime.remote.RemoteProfileComponent#field:16409:LoadingIndicator:Ldev/s7a/strata/runtime/remote/RemoteProfileComponent;
dev.s7a.strata.runtime.remote.RemoteProfileComponent#field:16409:MenuBackground:Ldev/s7a/strata/runtime/remote/RemoteProfileComponent;
dev.s7a.strata.runtime.remote.RemoteProfileComponent#field:16409:NineSliceBackground:Ldev/s7a/strata/runtime/remote/RemoteProfileComponent;
dev.s7a.strata.runtime.remote.RemoteProfileComponent#field:16409:PlayerHead:Ldev/s7a/strata/runtime/remote/RemoteProfileComponent;
dev.s7a.strata.runtime.remote.RemoteProfileComponent#field:16409:ProgressBar:Ldev/s7a/strata/runtime/remote/RemoteProfileComponent;
dev.s7a.strata.runtime.remote.RemoteProfileComponent#field:16409:ScrollArea:Ldev/s7a/strata/runtime/remote/RemoteProfileComponent;
dev.s7a.strata.runtime.remote.RemoteProfileComponent#field:16409:Scrollbar:Ldev/s7a/strata/runtime/remote/RemoteProfileComponent;
dev.s7a.strata.runtime.remote.RemoteProfileComponent#field:16409:Slider:Ldev/s7a/strata/runtime/remote/RemoteProfileComponent;
dev.s7a.strata.runtime.remote.RemoteProfileComponent#field:16409:Slot:Ldev/s7a/strata/runtime/remote/RemoteProfileComponent;
dev.s7a.strata.runtime.remote.RemoteProfileComponent#field:16409:Tab:Ldev/s7a/strata/runtime/remote/RemoteProfileComponent;
dev.s7a.strata.runtime.remote.RemoteProfileComponent#field:16409:Text:Ldev/s7a/strata/runtime/remote/RemoteProfileComponent;
dev.s7a.strata.runtime.remote.RemoteProfileComponent#field:16409:TextArea:Ldev/s7a/strata/runtime/remote/RemoteProfileComponent;
dev.s7a.strata.runtime.remote.RemoteProfileComponent#field:16409:TextField:Ldev/s7a/strata/runtime/remote/RemoteProfileComponent;
dev.s7a.strata.runtime.remote.RemoteProfileComponent#field:16409:Tooltip:Ldev/s7a/strata/runtime/remote/RemoteProfileComponent;
dev.s7a.strata.runtime.remote.RemoteProfileComponent#method:17:getType:()Ldev/s7a/strata/projection/ProjectionType;
dev.s7a.strata.runtime.remote.RemoteProfileComponent#method:9:getEntries:()Lkotlin/enums/EnumEntries;
dev.s7a.strata.runtime.remote.RemoteProfileComponent#method:9:valueOf:(Ljava/lang/String;)Ldev/s7a/strata/runtime/remote/RemoteProfileComponent;
dev.s7a.strata.runtime.remote.RemoteProfileComponent#method:9:values:()[Ldev/s7a/strata/runtime/remote/RemoteProfileComponent;
dev.s7a.strata.runtime.remote.RemoteProfileComponent#type:16401:java.lang.Enum:
dev.s7a.strata.runtime.remote.RemoteProfileComponents#field:25:INSTANCE:Ldev/s7a/strata/runtime/remote/RemoteProfileComponents;
dev.s7a.strata.runtime.remote.RemoteProfileComponents#method:17:register:(Ldev/s7a/strata/runtime/remote/RemoteRegistry;)V
dev.s7a.strata.runtime.remote.RemoteProfileComponents#type:17:java.lang.Object:
dev.s7a.strata.runtime.remote.RemoteProfileElement#constructor:1:(Ldev/s7a/strata/runtime/remote/RemoteProfileComponent;Ldev/s7a/strata/modifier/Modifier;Ldev/s7a/strata/element/ElementKey;Ljava/util/List;ZLkotlin/jvm/functions/Function1;)V
dev.s7a.strata.runtime.remote.RemoteProfileElement#method:1:getProjection:()Ldev/s7a/strata/projection/DeclarationProjection;
dev.s7a.strata.runtime.remote.RemoteProfileElement#type:17:dev.s7a.strata.element.Element:
dev.s7a.strata.runtime.remote.RemoteProfileModifier#constructor:1:(Ldev/s7a/strata/runtime/remote/RemoteProfileComponent;Ldev/s7a/strata/projection/ProjectionValue;)V
dev.s7a.strata.runtime.remote.RemoteProfileModifier#method:1:getProjection:()Ldev/s7a/strata/projection/DeclarationProjection;
dev.s7a.strata.runtime.remote.RemoteProfileModifier#method:1:getType:()Ldev/s7a/strata/modifier/ModifierNodeType;
dev.s7a.strata.runtime.remote.RemoteProfileModifier#type:17:java.lang.Object:dev.s7a.strata.modifier.ModifierElement
dev.s7a.strata.runtime.remote.RemoteProperties#field:25:INSTANCE:Ldev/s7a/strata/runtime/remote/RemoteProperties;
dev.s7a.strata.runtime.remote.RemoteProperties#method:145:record:([Ldev/s7a/strata/projection/ProjectionValue;)Ldev/s7a/strata/projection/ProjectionValue;
dev.s7a.strata.runtime.remote.RemoteProperties#method:17:appearance:(Ldev/s7a/strata/projection/ProjectionValue;)Ldev/s7a/strata/component/TextInputAppearance;
dev.s7a.strata.runtime.remote.RemoteProperties#method:17:encode:(D)Ldev/s7a/strata/projection/ProjectionValue;
dev.s7a.strata.runtime.remote.RemoteProperties#method:17:encode:(I)Ldev/s7a/strata/projection/ProjectionValue;
dev.s7a.strata.runtime.remote.RemoteProperties#method:17:encode:(Ldev/s7a/strata/component/ImageSource;)Ldev/s7a/strata/projection/ProjectionValue;
dev.s7a.strata.runtime.remote.RemoteProperties#method:17:encode:(Ldev/s7a/strata/component/NineSliceCenterMode;)Ldev/s7a/strata/projection/ProjectionValue;
dev.s7a.strata.runtime.remote.RemoteProperties#method:17:encode:(Ldev/s7a/strata/component/PlayerSkinSource;)Ldev/s7a/strata/projection/ProjectionValue;
dev.s7a.strata.runtime.remote.RemoteProperties#method:17:encode:(Ldev/s7a/strata/component/SlotBinding;)Ldev/s7a/strata/projection/ProjectionValue;
dev.s7a.strata.runtime.remote.RemoteProperties#method:17:encode:(Ldev/s7a/strata/component/TabSelectionIndicator;)Ldev/s7a/strata/projection/ProjectionValue;
dev.s7a.strata.runtime.remote.RemoteProperties#method:17:encode:(Ldev/s7a/strata/component/TextAreaViewport;)Ldev/s7a/strata/projection/ProjectionValue;
dev.s7a.strata.runtime.remote.RemoteProperties#method:17:encode:(Ldev/s7a/strata/component/TextInputAppearance;)Ldev/s7a/strata/projection/ProjectionValue;
dev.s7a.strata.runtime.remote.RemoteProperties#method:17:encode:(Ldev/s7a/strata/geometry/Insets;)Ldev/s7a/strata/projection/ProjectionValue;
dev.s7a.strata.runtime.remote.RemoteProperties#method:17:encode:(Ldev/s7a/strata/geometry/IntRect;)Ldev/s7a/strata/projection/ProjectionValue;
dev.s7a.strata.runtime.remote.RemoteProperties#method:17:encode:(Ldev/s7a/strata/geometry/IntSize;)Ldev/s7a/strata/projection/ProjectionValue;
dev.s7a.strata.runtime.remote.RemoteProperties#method:17:encode:(Ldev/s7a/strata/resource/ResourceId;)Ldev/s7a/strata/projection/ProjectionValue;
dev.s7a.strata.runtime.remote.RemoteProperties#method:17:encode:(Ldev/s7a/strata/text/TextLayout;)Ldev/s7a/strata/projection/ProjectionValue;
dev.s7a.strata.runtime.remote.RemoteProperties#method:17:encode:(Ldev/s7a/strata/text/UiText;)Ldev/s7a/strata/projection/ProjectionValue;
dev.s7a.strata.runtime.remote.RemoteProperties#method:17:encode:(Ljava/lang/Enum;)Ldev/s7a/strata/projection/ProjectionValue;
dev.s7a.strata.runtime.remote.RemoteProperties#method:17:encode:(Z)Ldev/s7a/strata/projection/ProjectionValue;
dev.s7a.strata.runtime.remote.RemoteProperties#method:17:flag:(Ldev/s7a/strata/projection/ProjectionValue;)Z
dev.s7a.strata.runtime.remote.RemoteProperties#method:17:image:(Ldev/s7a/strata/projection/ProjectionValue;)Ldev/s7a/strata/component/ImageSource;
dev.s7a.strata.runtime.remote.RemoteProperties#method:17:insets:(Ldev/s7a/strata/projection/ProjectionValue;)Ldev/s7a/strata/geometry/Insets;
dev.s7a.strata.runtime.remote.RemoteProperties#method:17:integer:(Ldev/s7a/strata/projection/ProjectionValue;)I
dev.s7a.strata.runtime.remote.RemoteProperties#method:17:optional:(Ldev/s7a/strata/projection/ProjectionValue;Lkotlin/jvm/functions/Function1;)Ljava/lang/Object;
dev.s7a.strata.runtime.remote.RemoteProperties#method:17:optional:(Ljava/lang/Object;Lkotlin/jvm/functions/Function1;)Ldev/s7a/strata/projection/ProjectionValue;
dev.s7a.strata.runtime.remote.RemoteProperties#method:17:real:(Ldev/s7a/strata/projection/ProjectionValue;)D
dev.s7a.strata.runtime.remote.RemoteProperties#method:17:rectangle:(Ldev/s7a/strata/projection/ProjectionValue;)Ldev/s7a/strata/geometry/IntRect;
dev.s7a.strata.runtime.remote.RemoteProperties#method:17:resource:(Ldev/s7a/strata/projection/ProjectionValue;)Ldev/s7a/strata/resource/ResourceId;
dev.s7a.strata.runtime.remote.RemoteProperties#method:17:size:(Ldev/s7a/strata/projection/ProjectionValue;)Ldev/s7a/strata/geometry/IntSize;
dev.s7a.strata.runtime.remote.RemoteProperties#method:17:skin:(Ldev/s7a/strata/projection/ProjectionValue;)Ldev/s7a/strata/component/PlayerSkinSource;
dev.s7a.strata.runtime.remote.RemoteProperties#method:17:slot:(Ldev/s7a/strata/projection/ProjectionValue;)Ldev/s7a/strata/component/SlotBinding;
dev.s7a.strata.runtime.remote.RemoteProperties#method:17:text:(Ldev/s7a/strata/projection/ProjectionValue;)Ljava/lang/String;
dev.s7a.strata.runtime.remote.RemoteProperties#method:17:textLayout:(Ldev/s7a/strata/projection/ProjectionValue;)Ldev/s7a/strata/text/TextLayout;
dev.s7a.strata.runtime.remote.RemoteProperties#method:17:viewport:(Ldev/s7a/strata/projection/ProjectionValue;)Ldev/s7a/strata/component/TextAreaViewport;
dev.s7a.strata.runtime.remote.RemoteProperties#type:17:java.lang.Object:
dev.s7a.strata.runtime.remote.RemoteProperties$WhenMappings#type:4121:java.lang.Object:
dev.s7a.strata.runtime.remote.RemoteProtocolException#constructor:1:(Ldev/s7a/strata/runtime/remote/RemoteFailure;Ljava/lang/String;Ljava/lang/Throwable;)V
dev.s7a.strata.runtime.remote.RemoteProtocolException#method:17:getReason:()Ldev/s7a/strata/runtime/remote/RemoteFailure;
dev.s7a.strata.runtime.remote.RemoteProtocolException#type:17:java.lang.IllegalArgumentException:
dev.s7a.strata.runtime.remote.RemoteRegionElement#constructor:1:(Ldev/s7a/strata/runtime/remote/RemoteElementContext;Z)V
dev.s7a.strata.runtime.remote.RemoteRegionElement#type:17:dev.s7a.strata.element.Element:
dev.s7a.strata.runtime.remote.RemoteRegistry#constructor:1:()V
dev.s7a.strata.runtime.remote.RemoteRegistry#method:17:element:(Ldev/s7a/strata/projection/ProjectionType;Lkotlin/jvm/functions/Function1;Lkotlin/jvm/functions/Function2;Ldev/s7a/strata/runtime/remote/RemotePreparationPhase;Lkotlin/jvm/functions/Function2;)V
dev.s7a.strata.runtime.remote.RemoteRegistry#method:17:getTypes:()Ljava/util/Set;
dev.s7a.strata.runtime.remote.RemoteRegistry#method:17:modifier:(Ldev/s7a/strata/projection/ProjectionType;Lkotlin/jvm/functions/Function1;Lkotlin/jvm/functions/Function2;)V
dev.s7a.strata.runtime.remote.RemoteRegistry#method:17:prepare$dev_s7a_strata_remote:(Ldev/s7a/strata/runtime/remote/RemoteTree;Ldev/s7a/strata/runtime/remote/RemoteLimits;Ldev/s7a/strata/runtime/remote/RemotePreparedTree;)Ldev/s7a/strata/runtime/remote/RemotePreparedTree;
dev.s7a.strata.runtime.remote.RemoteRegistry#method:17:resolveRole$dev_s7a_strata_remote:(Ldev/s7a/strata/projection/ProjectionType;)Ldev/s7a/strata/semantics/SemanticsRole;
dev.s7a.strata.runtime.remote.RemoteRegistry#method:17:role:(Ldev/s7a/strata/semantics/SemanticsRole;)V
dev.s7a.strata.runtime.remote.RemoteRegistry#method:17:statefulModifier:(Ldev/s7a/strata/projection/ProjectionType;Lkotlin/jvm/functions/Function1;Lkotlin/jvm/functions/Function2;Ldev/s7a/strata/runtime/remote/RemotePreparationPhase;Lkotlin/jvm/functions/Function2;)V
dev.s7a.strata.runtime.remote.RemoteRegistry#method:17:validateTypes:(Ldev/s7a/strata/runtime/remote/RemoteTree;)V
dev.s7a.strata.runtime.remote.RemoteRegistry#type:17:java.lang.Object:
dev.s7a.strata.runtime.remote.RemoteScreenService#constructor:1:(Ldev/s7a/strata/runtime/remote/RemoteEndpoint;Lkotlin/jvm/functions/Function2;Lkotlin/jvm/functions/Function1;Lkotlin/jvm/functions/Function1;Lkotlin/jvm/functions/Function2;)V
dev.s7a.strata.runtime.remote.RemoteScreenService#method:17:capabilities:(Ljava/lang/Object;)Ldev/s7a/strata/runtime/remote/RemoteCapabilities;
dev.s7a.strata.runtime.remote.RemoteScreenService#method:17:containerChanged:(Ljava/lang/Object;)V
dev.s7a.strata.runtime.remote.RemoteScreenService#method:17:disconnect:(Ljava/lang/Object;)V
dev.s7a.strata.runtime.remote.RemoteScreenService#method:17:enqueue:(Ljava/lang/Object;[B)V
dev.s7a.strata.runtime.remote.RemoteScreenService#method:17:join:(Ljava/lang/Object;)V
dev.s7a.strata.runtime.remote.RemoteScreenService#method:17:open:(Ljava/lang/Object;Ljava/lang/Object;Ldev/s7a/strata/screen/ScreenDefinition;)Ldev/s7a/strata/runtime/remote/RemoteScreenSession;
dev.s7a.strata.runtime.remote.RemoteScreenService#method:17:open:(Ljava/lang/Object;Ljava/lang/Object;Ldev/s7a/strata/ui/UiDefinition;)Ldev/s7a/strata/runtime/remote/RemoteScreenSession;
dev.s7a.strata.runtime.remote.RemoteScreenService#method:17:ownerDisabled:(Ljava/lang/Object;)V
dev.s7a.strata.runtime.remote.RemoteScreenService#method:17:register:(Ljava/lang/Object;Ldev/s7a/strata/projection/ProjectionType;)V
dev.s7a.strata.runtime.remote.RemoteScreenService#method:17:tick:()V
dev.s7a.strata.runtime.remote.RemoteScreenService#method:1:close:()V
dev.s7a.strata.runtime.remote.RemoteScreenService#type:17:java.lang.Object:java.lang.AutoCloseable
dev.s7a.strata.runtime.remote.RemoteScreenService$WhenMappings#type:4121:java.lang.Object:
dev.s7a.strata.runtime.remote.RemoteScreenSession#constructor:1:(JLdev/s7a/strata/runtime/remote/RemoteUiSettings;)V
dev.s7a.strata.runtime.remote.RemoteScreenSession#method:17:bind$dev_s7a_strata_remote:(Lkotlin/jvm/functions/Function0;)V
dev.s7a.strata.runtime.remote.RemoteScreenSession#method:17:bindControls$dev_s7a_strata_remote:(Lkotlin/jvm/functions/Function1;)V
dev.s7a.strata.runtime.remote.RemoteScreenSession#method:17:getControls$dev_s7a_strata_remote:()Ldev/s7a/strata/runtime/spi/RuntimeUiController;
dev.s7a.strata.runtime.remote.RemoteScreenSession#method:17:getIdentity:()J
dev.s7a.strata.runtime.remote.RemoteScreenSession#method:17:getStatus:()Ldev/s7a/strata/runtime/remote/RemoteSessionStatus;
dev.s7a.strata.runtime.remote.RemoteScreenSession#method:17:getUiSession:()Ldev/s7a/strata/ui/UiSession;
dev.s7a.strata.runtime.remote.RemoteScreenSession#method:17:update$dev_s7a_strata_remote:(Ldev/s7a/strata/runtime/remote/RemoteSessionStatus;)V
dev.s7a.strata.runtime.remote.RemoteScreenSession#method:1:close:()V
dev.s7a.strata.runtime.remote.RemoteScreenSession#type:17:java.lang.Object:java.lang.AutoCloseable
dev.s7a.strata.runtime.remote.RemoteServerBindings#constructor:1:(Ldev/s7a/strata/runtime/remote/RemoteLimits;Lkotlin/jvm/functions/Function0;)V
dev.s7a.strata.runtime.remote.RemoteServerBindings#method:17:begin:()V
dev.s7a.strata.runtime.remote.RemoteServerBindings#method:17:commit:()V
dev.s7a.strata.runtime.remote.RemoteServerBindings#method:17:project:(Ldev/s7a/strata/projection/ProjectionBinding;Ldev/s7a/strata/projection/ProjectionScope;)Ldev/s7a/strata/projection/ProjectionValue;
dev.s7a.strata.runtime.remote.RemoteServerBindings#method:1:close:()V
dev.s7a.strata.runtime.remote.RemoteServerBindings#type:17:java.lang.Object:java.lang.AutoCloseable
dev.s7a.strata.runtime.remote.RemoteServerSession#constructor:1:(JLdev/s7a/strata/projection/ProjectionValue;Ljava/util/Set;Ldev/s7a/strata/runtime/remote/RemoteLimits;Lkotlin/jvm/functions/Function1;ZLdev/s7a/strata/ui/UiSession;Ldev/s7a/strata/runtime/spi/RuntimeUiController;Ldev/s7a/strata/runtime/remote/RemoteUiSettings;Lkotlin/jvm/functions/Function0;)V
dev.s7a.strata.runtime.remote.RemoteServerSession#method:17:applyControl:(Ldev/s7a/strata/runtime/spi/RuntimeUiControl;)V
dev.s7a.strata.runtime.remote.RemoteServerSession#method:17:close:(Ldev/s7a/strata/runtime/remote/RemoteFailure;Z)V
dev.s7a.strata.runtime.remote.RemoteServerSession#method:17:getAppliedRevision:()J
dev.s7a.strata.runtime.remote.RemoteServerSession#method:17:getIdentity:()J
dev.s7a.strata.runtime.remote.RemoteServerSession#method:17:getNodeCount:()I
dev.s7a.strata.runtime.remote.RemoteServerSession#method:17:getRequiredTypes:()Ljava/util/Set;
dev.s7a.strata.runtime.remote.RemoteServerSession#method:17:getStatus:()Ldev/s7a/strata/runtime/remote/RemoteSessionStatus;
dev.s7a.strata.runtime.remote.RemoteServerSession#method:17:getUiSession:()Ldev/s7a/strata/ui/UiSession;
dev.s7a.strata.runtime.remote.RemoteServerSession#method:17:getUsesNativeSlots:()Z
dev.s7a.strata.runtime.remote.RemoteServerSession#method:17:receive:(Ldev/s7a/strata/runtime/remote/RemoteMessage$Action;)V
dev.s7a.strata.runtime.remote.RemoteServerSession#method:17:receive:(Ldev/s7a/strata/runtime/remote/RemoteMessage;)V
dev.s7a.strata.runtime.remote.RemoteServerSession#method:17:resynchronize:()V
dev.s7a.strata.runtime.remote.RemoteServerSession#method:17:tick:()V
dev.s7a.strata.runtime.remote.RemoteServerSession#method:1:close:()V
dev.s7a.strata.runtime.remote.RemoteServerSession#type:17:java.lang.Object:java.lang.AutoCloseable
dev.s7a.strata.runtime.remote.RemoteSessionStatus#type:1537::
dev.s7a.strata.runtime.remote.RemoteSessionStatus$Closed#constructor:1:(Ldev/s7a/strata/runtime/remote/RemoteFailure;)V
dev.s7a.strata.runtime.remote.RemoteSessionStatus$Closed#method:17:component1:()Ldev/s7a/strata/runtime/remote/RemoteFailure;
dev.s7a.strata.runtime.remote.RemoteSessionStatus$Closed#method:17:copy:(Ldev/s7a/strata/runtime/remote/RemoteFailure;)Ldev/s7a/strata/runtime/remote/RemoteSessionStatus$Closed;
dev.s7a.strata.runtime.remote.RemoteSessionStatus$Closed#method:17:getReason:()Ldev/s7a/strata/runtime/remote/RemoteFailure;
dev.s7a.strata.runtime.remote.RemoteSessionStatus$Closed#method:1:equals:(Ljava/lang/Object;)Z
dev.s7a.strata.runtime.remote.RemoteSessionStatus$Closed#method:1:hashCode:()I
dev.s7a.strata.runtime.remote.RemoteSessionStatus$Closed#method:1:toString:()Ljava/lang/String;
dev.s7a.strata.runtime.remote.RemoteSessionStatus$Closed#type:25:java.lang.Object:dev.s7a.strata.runtime.remote.RemoteSessionStatus
dev.s7a.strata.runtime.remote.RemoteSessionStatus$Open#field:25:INSTANCE:Ldev/s7a/strata/runtime/remote/RemoteSessionStatus$Open;
dev.s7a.strata.runtime.remote.RemoteSessionStatus$Open#method:1:equals:(Ljava/lang/Object;)Z
dev.s7a.strata.runtime.remote.RemoteSessionStatus$Open#method:1:hashCode:()I
dev.s7a.strata.runtime.remote.RemoteSessionStatus$Open#method:1:toString:()Ljava/lang/String;
dev.s7a.strata.runtime.remote.RemoteSessionStatus$Open#type:25:java.lang.Object:dev.s7a.strata.runtime.remote.RemoteSessionStatus
dev.s7a.strata.runtime.remote.RemoteSessionStatus$Opening#field:25:INSTANCE:Ldev/s7a/strata/runtime/remote/RemoteSessionStatus$Opening;
dev.s7a.strata.runtime.remote.RemoteSessionStatus$Opening#method:1:equals:(Ljava/lang/Object;)Z
dev.s7a.strata.runtime.remote.RemoteSessionStatus$Opening#method:1:hashCode:()I
dev.s7a.strata.runtime.remote.RemoteSessionStatus$Opening#method:1:toString:()Ljava/lang/String;
dev.s7a.strata.runtime.remote.RemoteSessionStatus$Opening#type:25:java.lang.Object:dev.s7a.strata.runtime.remote.RemoteSessionStatus
dev.s7a.strata.runtime.remote.RemoteStateKey#constructor:1:(Lkotlin/reflect/KClass;)V
dev.s7a.strata.runtime.remote.RemoteStateKey#method:17:getType$dev_s7a_strata_remote:()Lkotlin/reflect/KClass;
dev.s7a.strata.runtime.remote.RemoteStateKey#type:17:java.lang.Object:
dev.s7a.strata.runtime.remote.RemoteTextCodec#field:25:INSTANCE:Ldev/s7a/strata/runtime/remote/RemoteTextCodec;
dev.s7a.strata.runtime.remote.RemoteTextCodec#method:17:decode:(Ldev/s7a/strata/projection/ProjectionValue;)Ldev/s7a/strata/text/UiText;
dev.s7a.strata.runtime.remote.RemoteTextCodec#method:17:encode:(Ldev/s7a/strata/text/UiText;)Ldev/s7a/strata/projection/ProjectionValue;
dev.s7a.strata.runtime.remote.RemoteTextCodec#type:17:java.lang.Object:
dev.s7a.strata.runtime.remote.RemoteTextCodec$WhenMappings#type:4121:java.lang.Object:
dev.s7a.strata.runtime.remote.RemoteTileSource#constructor:1:(JLdev/s7a/strata/geometry/LongRect;Ljava/util/List;)V
dev.s7a.strata.runtime.remote.RemoteTileSource#method:17:getGeneration:()J
dev.s7a.strata.runtime.remote.RemoteTileSource#method:17:update:(Ljava/util/Map;)V
dev.s7a.strata.runtime.remote.RemoteTileSource#method:1:close:()V
dev.s7a.strata.runtime.remote.RemoteTileSource#method:1:getBounds:()Ldev/s7a/strata/geometry/LongRect;
dev.s7a.strata.runtime.remote.RemoteTileSource#method:1:getLevels:()Ljava/util/List;
dev.s7a.strata.runtime.remote.RemoteTileSource#method:1:tile:(Ldev/s7a/strata/component/TiledImageTileId;)Ldev/s7a/strata/state/StateSource;
dev.s7a.strata.runtime.remote.RemoteTileSource#type:17:java.lang.Object:dev.s7a.strata.component.TiledImageSource,java.lang.AutoCloseable
dev.s7a.strata.runtime.remote.RemoteTiledImages#constructor:1:(Ldev/s7a/strata/runtime/remote/RemotePanZoom;)V
dev.s7a.strata.runtime.remote.RemoteTiledImages#method:17:register:(Ldev/s7a/strata/runtime/remote/RemoteRegistry;)V
dev.s7a.strata.runtime.remote.RemoteTiledImages#type:17:java.lang.Object:
dev.s7a.strata.runtime.remote.RemoteTree#constructor:1:(JLjava/util/Collection;Ldev/s7a/strata/runtime/remote/RemoteLimits;)V
dev.s7a.strata.runtime.remote.RemoteTree#method:17:getNodes:()Ljava/util/Map;
dev.s7a.strata.runtime.remote.RemoteTree#method:17:getRoot:()J
dev.s7a.strata.runtime.remote.RemoteTree#method:1:equals:(Ljava/lang/Object;)Z
dev.s7a.strata.runtime.remote.RemoteTree#method:1:hashCode:()I
dev.s7a.strata.runtime.remote.RemoteTree#type:17:java.lang.Object:
dev.s7a.strata.runtime.remote.RemoteUiSettings#constructor:1:()V
dev.s7a.strata.runtime.remote.RemoteUiSettings#constructor:1:(Ldev/s7a/strata/ui/UiPresentation;Ldev/s7a/strata/ui/UiCategory;Ldev/s7a/strata/ui/UiInputPolicy;Ldev/s7a/strata/ui/UiVisibilityPolicy;I)V
dev.s7a.strata.runtime.remote.RemoteUiSettings#method:17:component1:()Ldev/s7a/strata/ui/UiPresentation;
dev.s7a.strata.runtime.remote.RemoteUiSettings#method:17:component2:()Ldev/s7a/strata/ui/UiCategory;
dev.s7a.strata.runtime.remote.RemoteUiSettings#method:17:component3:()Ldev/s7a/strata/ui/UiInputPolicy;
dev.s7a.strata.runtime.remote.RemoteUiSettings#method:17:component4:()Ldev/s7a/strata/ui/UiVisibilityPolicy;
dev.s7a.strata.runtime.remote.RemoteUiSettings#method:17:component5:()I
dev.s7a.strata.runtime.remote.RemoteUiSettings#method:17:copy:(Ldev/s7a/strata/ui/UiPresentation;Ldev/s7a/strata/ui/UiCategory;Ldev/s7a/strata/ui/UiInputPolicy;Ldev/s7a/strata/ui/UiVisibilityPolicy;I)Ldev/s7a/strata/runtime/remote/RemoteUiSettings;
dev.s7a.strata.runtime.remote.RemoteUiSettings#method:17:getCategory:()Ldev/s7a/strata/ui/UiCategory;
dev.s7a.strata.runtime.remote.RemoteUiSettings#method:17:getHudOrder:()I
dev.s7a.strata.runtime.remote.RemoteUiSettings#method:17:getInputPolicy:()Ldev/s7a/strata/ui/UiInputPolicy;
dev.s7a.strata.runtime.remote.RemoteUiSettings#method:17:getPresentation:()Ldev/s7a/strata/ui/UiPresentation;
dev.s7a.strata.runtime.remote.RemoteUiSettings#method:17:getVisibility:()Ldev/s7a/strata/ui/UiVisibilityPolicy;
dev.s7a.strata.runtime.remote.RemoteUiSettings#method:1:equals:(Ljava/lang/Object;)Z
dev.s7a.strata.runtime.remote.RemoteUiSettings#method:1:hashCode:()I
dev.s7a.strata.runtime.remote.RemoteUiSettings#method:1:toString:()Ljava/lang/String;
dev.s7a.strata.runtime.remote.RemoteUiSettings#type:17:java.lang.Object:
dev.s7a.strata.runtime.remote.RemoteValueCodec#constructor:1:()V
dev.s7a.strata.runtime.remote.RemoteValueCodec#constructor:1:(Ldev/s7a/strata/runtime/remote/RemoteLimits;)V
dev.s7a.strata.runtime.remote.RemoteValueCodec#method:17:decode:([B)Ldev/s7a/strata/projection/ProjectionValue;
dev.s7a.strata.runtime.remote.RemoteValueCodec#method:17:encode:(Ldev/s7a/strata/projection/ProjectionValue;)[B
dev.s7a.strata.runtime.remote.RemoteValueCodec#type:17:java.lang.Object:
dev.s7a.strata.runtime.remote.RemoteValueCodec$WhenMappings#type:4121:java.lang.Object:
dev.s7a.strata.runtime.remote.RemoteVirtualListElement#constructor:1:(Ldev/s7a/strata/runtime/remote/RemoteVirtualLists$Properties;Ldev/s7a/strata/component/ScrollState;Ldev/s7a/strata/runtime/remote/RemoteElementContext;)V
dev.s7a.strata.runtime.remote.RemoteVirtualListElement#method:17:getContext:()Ldev/s7a/strata/runtime/remote/RemoteElementContext;
dev.s7a.strata.runtime.remote.RemoteVirtualListElement#method:17:getProperties:()Ldev/s7a/strata/runtime/remote/RemoteVirtualLists$Properties;
dev.s7a.strata.runtime.remote.RemoteVirtualListElement#method:17:getState:()Ldev/s7a/strata/component/ScrollState;
dev.s7a.strata.runtime.remote.RemoteVirtualListElement#type:17:dev.s7a.strata.element.Element:
dev.s7a.strata.runtime.remote.RemoteVirtualLists#field:25:INSTANCE:Ldev/s7a/strata/runtime/remote/RemoteVirtualLists;
dev.s7a.strata.runtime.remote.RemoteVirtualLists#method:17:register:(Ldev/s7a/strata/runtime/remote/RemoteRegistry;Ldev/s7a/strata/runtime/remote/RemoteControl;)V
dev.s7a.strata.runtime.remote.RemoteVirtualLists#type:17:java.lang.Object:
dev.s7a.strata.runtime.remote.RemoteVirtualLists$Properties#constructor:1:(Ldev/s7a/strata/geometry/IntSize;IIIIJ)V
dev.s7a.strata.runtime.remote.RemoteVirtualLists$Properties#method:17:getCount:()I
dev.s7a.strata.runtime.remote.RemoteVirtualLists$Properties#method:17:getDemand:()J
dev.s7a.strata.runtime.remote.RemoteVirtualLists$Properties#method:17:getRate:()I
dev.s7a.strata.runtime.remote.RemoteVirtualLists$Properties#method:17:getRowHeight:()I
dev.s7a.strata.runtime.remote.RemoteVirtualLists$Properties#method:17:getSize:()Ldev/s7a/strata/geometry/IntSize;
dev.s7a.strata.runtime.remote.RemoteVirtualLists$Properties#method:17:getStart:()I
dev.s7a.strata.runtime.remote.RemoteVirtualLists$Properties#type:25:java.lang.Object:
dev.s7a.strata.runtime.remote.RemoteWorkBudget#constructor:1:(Ldev/s7a/strata/runtime/remote/RemoteLimits;Lkotlin/jvm/functions/Function0;)V
dev.s7a.strata.runtime.remote.RemoteWorkBudget#method:17:checkTime:()V
dev.s7a.strata.runtime.remote.RemoteWorkBudget#method:17:visit:()V
dev.s7a.strata.runtime.remote.RemoteWorkBudget#type:17:java.lang.Object:
