Canvas	dev.s7a.strata.component.CanvasComponentsKt#method:25:Canvas:(Ldev/s7a/strata/component/UiScope;Ldev/s7a/strata/component/CanvasSource;Ldev/s7a/strata/geometry/IntSize;Ldev/s7a/strata/modifier/Modifier;Ldev/s7a/strata/element/ElementKey;)V
Observe	dev.s7a.strata.component.ObserveComponentsKt#method:25:Observe:(Ldev/s7a/strata/component/UiScope;Ldev/s7a/strata/state/StateSource;Ldev/s7a/strata/modifier/Modifier;Ldev/s7a/strata/element/ElementKey;Lkotlin/jvm/functions/Function2;)V
Observe	dev.s7a.strata.component.ObserveComponentsKt#method:25:Observe:(Ldev/s7a/strata/component/UiScope;Ldev/s7a/strata/state/StateSource;Ldev/s7a/strata/state/StateSource;Ldev/s7a/strata/modifier/Modifier;Ldev/s7a/strata/element/ElementKey;Lkotlin/jvm/functions/Function3;)V
Observe	dev.s7a.strata.component.ObserveComponentsKt#method:25:Observe:(Ldev/s7a/strata/component/UiScope;Ldev/s7a/strata/state/StateSource;Ldev/s7a/strata/state/StateSource;Ldev/s7a/strata/state/StateSource;Ldev/s7a/strata/modifier/Modifier;Ldev/s7a/strata/element/ElementKey;Lkotlin/jvm/functions/Function4;)V
Observe	dev.s7a.strata.component.ObserveComponentsKt#method:25:Observe:(Ldev/s7a/strata/component/UiScope;Ldev/s7a/strata/state/StateSource;Ldev/s7a/strata/state/StateSource;Ldev/s7a/strata/state/StateSource;Ldev/s7a/strata/state/StateSource;Ldev/s7a/strata/modifier/Modifier;Ldev/s7a/strata/element/ElementKey;Lkotlin/jvm/functions/Function5;)V
Observe	dev.s7a.strata.component.ObserveComponentsKt#method:25:Observe:(Ldev/s7a/strata/component/UiScope;Ldev/s7a/strata/state/StateSource;Ldev/s7a/strata/state/StateSource;Ldev/s7a/strata/state/StateSource;Ldev/s7a/strata/state/StateSource;Ldev/s7a/strata/state/StateSource;Ldev/s7a/strata/modifier/Modifier;Ldev/s7a/strata/element/ElementKey;Lkotlin/jvm/functions/Function6;)V
Observe	dev.s7a.strata.component.ObserveComponentsKt#method:25:Observe:(Ldev/s7a/strata/component/UiScope;Ldev/s7a/strata/state/StateSource;Ldev/s7a/strata/state/StateSource;Ldev/s7a/strata/state/StateSource;Ldev/s7a/strata/state/StateSource;Ldev/s7a/strata/state/StateSource;Ldev/s7a/strata/state/StateSource;Ldev/s7a/strata/modifier/Modifier;Ldev/s7a/strata/element/ElementKey;Lkotlin/jvm/functions/Function7;)V
Observe	dev.s7a.strata.component.ObserveComponentsKt#method:25:Observe:(Ldev/s7a/strata/component/UiScope;Ldev/s7a/strata/state/StateSource;Ldev/s7a/strata/state/StateSource;Ldev/s7a/strata/state/StateSource;Ldev/s7a/strata/state/StateSource;Ldev/s7a/strata/state/StateSource;Ldev/s7a/strata/state/StateSource;Ldev/s7a/strata/state/StateSource;Ldev/s7a/strata/modifier/Modifier;Ldev/s7a/strata/element/ElementKey;Lkotlin/jvm/functions/Function8;)V
Observe	dev.s7a.strata.component.ObserveComponentsKt#method:25:Observe:(Ldev/s7a/strata/component/UiScope;Ldev/s7a/strata/state/StateSource;Ldev/s7a/strata/state/StateSource;Ldev/s7a/strata/state/StateSource;Ldev/s7a/strata/state/StateSource;Ldev/s7a/strata/state/StateSource;Ldev/s7a/strata/state/StateSource;Ldev/s7a/strata/state/StateSource;Ldev/s7a/strata/state/StateSource;Ldev/s7a/strata/modifier/Modifier;Ldev/s7a/strata/element/ElementKey;Lkotlin/jvm/functions/Function9;)V
Observe	dev.s7a.strata.component.ObserveComponentsKt#method:25:Observe:(Ldev/s7a/strata/component/UiScope;Ldev/s7a/strata/state/StateSource;Ldev/s7a/strata/state/StateSource;Ldev/s7a/strata/state/StateSource;Ldev/s7a/strata/state/StateSource;Ldev/s7a/strata/state/StateSource;Ldev/s7a/strata/state/StateSource;Ldev/s7a/strata/state/StateSource;Ldev/s7a/strata/state/StateSource;Ldev/s7a/strata/state/StateSource;Ldev/s7a/strata/modifier/Modifier;Ldev/s7a/strata/element/ElementKey;Lkotlin/jvm/functions/Function10;)V
Observe	dev.s7a.strata.component.ObserveComponentsKt#method:25:Observe:(Ldev/s7a/strata/component/UiScope;Ldev/s7a/strata/state/StateSource;Ldev/s7a/strata/state/StateSource;Ldev/s7a/strata/state/StateSource;Ldev/s7a/strata/state/StateSource;Ldev/s7a/strata/state/StateSource;Ldev/s7a/strata/state/StateSource;Ldev/s7a/strata/state/StateSource;Ldev/s7a/strata/state/StateSource;Ldev/s7a/strata/state/StateSource;Ldev/s7a/strata/state/StateSource;Ldev/s7a/strata/modifier/Modifier;Ldev/s7a/strata/element/ElementKey;Lkotlin/jvm/functions/Function11;)V
Observe	dev.s7a.strata.component.ObserveComponentsKt#method:25:Observe:(Ldev/s7a/strata/component/UiScope;Ldev/s7a/strata/state/StateSource;Ldev/s7a/strata/state/StateSource;Ldev/s7a/strata/state/StateSource;Ldev/s7a/strata/state/StateSource;Ldev/s7a/strata/state/StateSource;Ldev/s7a/strata/state/StateSource;Ldev/s7a/strata/state/StateSource;Ldev/s7a/strata/state/StateSource;Ldev/s7a/strata/state/StateSource;Ldev/s7a/strata/state/StateSource;Ldev/s7a/strata/state/StateSource;Ldev/s7a/strata/modifier/Modifier;Ldev/s7a/strata/element/ElementKey;Lkotlin/jvm/functions/Function12;)V
Observe	dev.s7a.strata.component.ObserveComponentsKt#method:25:Observe:(Ldev/s7a/strata/component/UiScope;Ldev/s7a/strata/state/StateSource;Ldev/s7a/strata/state/StateSource;Ldev/s7a/strata/state/StateSource;Ldev/s7a/strata/state/StateSource;Ldev/s7a/strata/state/StateSource;Ldev/s7a/strata/state/StateSource;Ldev/s7a/strata/state/StateSource;Ldev/s7a/strata/state/StateSource;Ldev/s7a/strata/state/StateSource;Ldev/s7a/strata/state/StateSource;Ldev/s7a/strata/state/StateSource;Ldev/s7a/strata/state/StateSource;Ldev/s7a/strata/modifier/Modifier;Ldev/s7a/strata/element/ElementKey;Lkotlin/jvm/functions/Function13;)V
Observe	dev.s7a.strata.component.ObserveComponentsKt#method:25:Observe:(Ldev/s7a/strata/component/UiScope;Ldev/s7a/strata/state/StateSource;Ldev/s7a/strata/state/StateSource;Ldev/s7a/strata/state/StateSource;Ldev/s7a/strata/state/StateSource;Ldev/s7a/strata/state/StateSource;Ldev/s7a/strata/state/StateSource;Ldev/s7a/strata/state/StateSource;Ldev/s7a/strata/state/StateSource;Ldev/s7a/strata/state/StateSource;Ldev/s7a/strata/state/StateSource;Ldev/s7a/strata/state/StateSource;Ldev/s7a/strata/state/StateSource;Ldev/s7a/strata/state/StateSource;Ldev/s7a/strata/modifier/Modifier;Ldev/s7a/strata/element/ElementKey;Lkotlin/jvm/functions/Function14;)V
Observe	dev.s7a.strata.component.ObserveComponentsKt#method:25:Observe:(Ldev/s7a/strata/component/UiScope;Ldev/s7a/strata/state/StateSource;Ldev/s7a/strata/state/StateSource;Ldev/s7a/strata/state/StateSource;Ldev/s7a/strata/state/StateSource;Ldev/s7a/strata/state/StateSource;Ldev/s7a/strata/state/StateSource;Ldev/s7a/strata/state/StateSource;Ldev/s7a/strata/state/StateSource;Ldev/s7a/strata/state/StateSource;Ldev/s7a/strata/state/StateSource;Ldev/s7a/strata/state/StateSource;Ldev/s7a/strata/state/StateSource;Ldev/s7a/strata/state/StateSource;Ldev/s7a/strata/state/StateSource;Ldev/s7a/strata/modifier/Modifier;Ldev/s7a/strata/element/ElementKey;Lkotlin/jvm/functions/Function15;)V
Observe	dev.s7a.strata.component.ObserveComponentsKt#method:25:Observe:(Ldev/s7a/strata/component/UiScope;Ldev/s7a/strata/state/StateSource;Ldev/s7a/strata/state/StateSource;Ldev/s7a/strata/state/StateSource;Ldev/s7a/strata/state/StateSource;Ldev/s7a/strata/state/StateSource;Ldev/s7a/strata/state/StateSource;Ldev/s7a/strata/state/StateSource;Ldev/s7a/strata/state/StateSource;Ldev/s7a/strata/state/StateSource;Ldev/s7a/strata/state/StateSource;Ldev/s7a/strata/state/StateSource;Ldev/s7a/strata/state/StateSource;Ldev/s7a/strata/state/StateSource;Ldev/s7a/strata/state/StateSource;Ldev/s7a/strata/state/StateSource;Ldev/s7a/strata/modifier/Modifier;Ldev/s7a/strata/element/ElementKey;Lkotlin/jvm/functions/Function16;)V
Observe	dev.s7a.strata.component.ObserveComponentsKt#method:25:Observe:(Ldev/s7a/strata/component/UiScope;Ldev/s7a/strata/state/StateSource;Ldev/s7a/strata/state/StateSource;Ldev/s7a/strata/state/StateSource;Ldev/s7a/strata/state/StateSource;Ldev/s7a/strata/state/StateSource;Ldev/s7a/strata/state/StateSource;Ldev/s7a/strata/state/StateSource;Ldev/s7a/strata/state/StateSource;Ldev/s7a/strata/state/StateSource;Ldev/s7a/strata/state/StateSource;Ldev/s7a/strata/state/StateSource;Ldev/s7a/strata/state/StateSource;Ldev/s7a/strata/state/StateSource;Ldev/s7a/strata/state/StateSource;Ldev/s7a/strata/state/StateSource;Ldev/s7a/strata/state/StateSource;Ldev/s7a/strata/modifier/Modifier;Ldev/s7a/strata/element/ElementKey;Lkotlin/jvm/functions/Function17;)V
Observe	dev.s7a.strata.component.ObserveComponentsKt#method:25:Observe:(Ldev/s7a/strata/component/UiScope;Ldev/s7a/strata/state/StateSource;Ldev/s7a/strata/state/StateSource;Ldev/s7a/strata/state/StateSource;Ldev/s7a/strata/state/StateSource;Ldev/s7a/strata/state/StateSource;Ldev/s7a/strata/state/StateSource;Ldev/s7a/strata/state/StateSource;Ldev/s7a/strata/state/StateSource;Ldev/s7a/strata/state/StateSource;Ldev/s7a/strata/state/StateSource;Ldev/s7a/strata/state/StateSource;Ldev/s7a/strata/state/StateSource;Ldev/s7a/strata/state/StateSource;Ldev/s7a/strata/state/StateSource;Ldev/s7a/strata/state/StateSource;Ldev/s7a/strata/state/StateSource;Ldev/s7a/strata/state/StateSource;Ldev/s7a/strata/modifier/Modifier;Ldev/s7a/strata/element/ElementKey;Lkotlin/jvm/functions/Function18;)V
Observe	dev.s7a.strata.component.ObserveComponentsKt#method:25:Observe:(Ldev/s7a/strata/component/UiScope;Ldev/s7a/strata/state/StateSource;Ldev/s7a/strata/state/StateSource;Ldev/s7a/strata/state/StateSource;Ldev/s7a/strata/state/StateSource;Ldev/s7a/strata/state/StateSource;Ldev/s7a/strata/state/StateSource;Ldev/s7a/strata/state/StateSource;Ldev/s7a/strata/state/StateSource;Ldev/s7a/strata/state/StateSource;Ldev/s7a/strata/state/StateSource;Ldev/s7a/strata/state/StateSource;Ldev/s7a/strata/state/StateSource;Ldev/s7a/strata/state/StateSource;Ldev/s7a/strata/state/StateSource;Ldev/s7a/strata/state/StateSource;Ldev/s7a/strata/state/StateSource;Ldev/s7a/strata/state/StateSource;Ldev/s7a/strata/state/StateSource;Ldev/s7a/strata/modifier/Modifier;Ldev/s7a/strata/element/ElementKey;Lkotlin/jvm/functions/Function19;)V
Observe	dev.s7a.strata.component.ObserveComponentsKt#method:25:Observe:(Ldev/s7a/strata/component/UiScope;Ldev/s7a/strata/state/StateSource;Ldev/s7a/strata/state/StateSource;Ldev/s7a/strata/state/StateSource;Ldev/s7a/strata/state/StateSource;Ldev/s7a/strata/state/StateSource;Ldev/s7a/strata/state/StateSource;Ldev/s7a/strata/state/StateSource;Ldev/s7a/strata/state/StateSource;Ldev/s7a/strata/state/StateSource;Ldev/s7a/strata/state/StateSource;Ldev/s7a/strata/state/StateSource;Ldev/s7a/strata/state/StateSource;Ldev/s7a/strata/state/StateSource;Ldev/s7a/strata/state/StateSource;Ldev/s7a/strata/state/StateSource;Ldev/s7a/strata/state/StateSource;Ldev/s7a/strata/state/StateSource;Ldev/s7a/strata/state/StateSource;Ldev/s7a/strata/state/StateSource;Ldev/s7a/strata/modifier/Modifier;Ldev/s7a/strata/element/ElementKey;Lkotlin/jvm/functions/Function20;)V
Observe	dev.s7a.strata.component.ObserveComponentsKt#method:25:Observe:(Ldev/s7a/strata/component/UiScope;Ldev/s7a/strata/state/StateSource;Ldev/s7a/strata/state/StateSource;Ldev/s7a/strata/state/StateSource;Ldev/s7a/strata/state/StateSource;Ldev/s7a/strata/state/StateSource;Ldev/s7a/strata/state/StateSource;Ldev/s7a/strata/state/StateSource;Ldev/s7a/strata/state/StateSource;Ldev/s7a/strata/state/StateSource;Ldev/s7a/strata/state/StateSource;Ldev/s7a/strata/state/StateSource;Ldev/s7a/strata/state/StateSource;Ldev/s7a/strata/state/StateSource;Ldev/s7a/strata/state/StateSource;Ldev/s7a/strata/state/StateSource;Ldev/s7a/strata/state/StateSource;Ldev/s7a/strata/state/StateSource;Ldev/s7a/strata/state/StateSource;Ldev/s7a/strata/state/StateSource;Ldev/s7a/strata/state/StateSource;Ldev/s7a/strata/modifier/Modifier;Ldev/s7a/strata/element/ElementKey;Lkotlin/jvm/functions/Function21;)V
Observe	dev.s7a.strata.component.ObserveComponentsKt#method:25:Observe:(Ldev/s7a/strata/component/UiScope;Ldev/s7a/strata/state/StateSource;Ldev/s7a/strata/state/StateSource;Ldev/s7a/strata/state/StateSource;Ldev/s7a/strata/state/StateSource;Ldev/s7a/strata/state/StateSource;Ldev/s7a/strata/state/StateSource;Ldev/s7a/strata/state/StateSource;Ldev/s7a/strata/state/StateSource;Ldev/s7a/strata/state/StateSource;Ldev/s7a/strata/state/StateSource;Ldev/s7a/strata/state/StateSource;Ldev/s7a/strata/state/StateSource;Ldev/s7a/strata/state/StateSource;Ldev/s7a/strata/state/StateSource;Ldev/s7a/strata/state/StateSource;Ldev/s7a/strata/state/StateSource;Ldev/s7a/strata/state/StateSource;Ldev/s7a/strata/state/StateSource;Ldev/s7a/strata/state/StateSource;Ldev/s7a/strata/state/StateSource;Ldev/s7a/strata/state/StateSource;Ldev/s7a/strata/modifier/Modifier;Ldev/s7a/strata/element/ElementKey;Lkotlin/jvm/functions/Function22;)V
Observe	dev.s7a.strata.component.ObserveComponentsKt#method:25:Observe:(Ldev/s7a/strata/component/UiScope;Ldev/s7a/strata/state/StateSource;Ldev/s7a/strata/state/StateSource;Ldev/s7a/strata/state/StateSource;Ldev/s7a/strata/state/StateSource;Ldev/s7a/strata/state/StateSource;Ldev/s7a/strata/state/StateSource;Ldev/s7a/strata/state/StateSource;Ldev/s7a/strata/state/StateSource;Ldev/s7a/strata/state/StateSource;Ldev/s7a/strata/state/StateSource;Ldev/s7a/strata/state/StateSource;Ldev/s7a/strata/state/StateSource;Ldev/s7a/strata/state/StateSource;Ldev/s7a/strata/state/StateSource;Ldev/s7a/strata/state/StateSource;Ldev/s7a/strata/state/StateSource;Ldev/s7a/strata/state/StateSource;Ldev/s7a/strata/state/StateSource;Ldev/s7a/strata/state/StateSource;Ldev/s7a/strata/state/StateSource;Ldev/s7a/strata/state/StateSource;Ldev/s7a/strata/state/StateSource;Ldev/s7a/strata/modifier/Modifier;Ldev/s7a/strata/element/ElementKey;Lkotlin/jvm/functions/FunctionN;)V
Button	dev.s7a.strata.component.ObservedComponentsKt#method:25:ButtonState6e1d7e05cd68_1:(Ldev/s7a/strata/component/UiScope;Ldev/s7a/strata/state/StateSource;IZLdev/s7a/strata/modifier/Modifier;Ldev/s7a/strata/element/ElementKey;)V
Button	dev.s7a.strata.component.ObservedComponentsKt#method:25:ButtonState6e1d7e05cd68_2:(Ldev/s7a/strata/component/UiScope;Ljava/lang/String;ILdev/s7a/strata/state/StateSource;Ldev/s7a/strata/modifier/Modifier;Ldev/s7a/strata/element/ElementKey;)V
Button	dev.s7a.strata.component.ObservedComponentsKt#method:25:ButtonState6e1d7e05cd68_3:(Ldev/s7a/strata/component/UiScope;Ldev/s7a/strata/state/StateSource;ILdev/s7a/strata/state/StateSource;Ldev/s7a/strata/modifier/Modifier;Ldev/s7a/strata/element/ElementKey;)V
Button	dev.s7a.strata.component.ObservedComponentsKt#method:25:ButtonStatecffa97b99dc2_1:(Ldev/s7a/strata/component/UiScope;Ldev/s7a/strata/state/StateSource;IZLdev/s7a/strata/modifier/Modifier;Ldev/s7a/strata/element/ElementKey;)V
Button	dev.s7a.strata.component.ObservedComponentsKt#method:25:ButtonStatecffa97b99dc2_2:(Ldev/s7a/strata/component/UiScope;Ldev/s7a/strata/text/UiText;ILdev/s7a/strata/state/StateSource;Ldev/s7a/strata/modifier/Modifier;Ldev/s7a/strata/element/ElementKey;)V
Button	dev.s7a.strata.component.ObservedComponentsKt#method:25:ButtonStatecffa97b99dc2_3:(Ldev/s7a/strata/component/UiScope;Ldev/s7a/strata/state/StateSource;ILdev/s7a/strata/state/StateSource;Ldev/s7a/strata/modifier/Modifier;Ldev/s7a/strata/element/ElementKey;)V
Canvas	dev.s7a.strata.component.ObservedComponentsKt#method:25:CanvasState7047d39d3483_1:(Ldev/s7a/strata/component/UiScope;Ldev/s7a/strata/state/StateSource;Ldev/s7a/strata/geometry/IntSize;Ldev/s7a/strata/modifier/Modifier;Ldev/s7a/strata/element/ElementKey;)V
Checkbox	dev.s7a.strata.component.ObservedComponentsKt#method:25:CheckboxState1d460d77bb71_1:(Ldev/s7a/strata/component/UiScope;Ldev/s7a/strata/state/StateSource;Ldev/s7a/strata/component/CheckboxState;IZLdev/s7a/strata/modifier/Modifier;Ldev/s7a/strata/element/ElementKey;)V
Checkbox	dev.s7a.strata.component.ObservedComponentsKt#method:25:CheckboxState1d460d77bb71_2:(Ldev/s7a/strata/component/UiScope;Ljava/lang/String;Ldev/s7a/strata/component/CheckboxState;ILdev/s7a/strata/state/StateSource;Ldev/s7a/strata/modifier/Modifier;Ldev/s7a/strata/element/ElementKey;)V
Checkbox	dev.s7a.strata.component.ObservedComponentsKt#method:25:CheckboxState1d460d77bb71_3:(Ldev/s7a/strata/component/UiScope;Ldev/s7a/strata/state/StateSource;Ldev/s7a/strata/component/CheckboxState;ILdev/s7a/strata/state/StateSource;Ldev/s7a/strata/modifier/Modifier;Ldev/s7a/strata/element/ElementKey;)V
Checkbox	dev.s7a.strata.component.ObservedComponentsKt#method:25:CheckboxState3bddea62a5dc_1:(Ldev/s7a/strata/component/UiScope;Ldev/s7a/strata/state/StateSource;Ldev/s7a/strata/component/CheckboxState;IZLdev/s7a/strata/modifier/Modifier;Ldev/s7a/strata/element/ElementKey;)V
Checkbox	dev.s7a.strata.component.ObservedComponentsKt#method:25:CheckboxState3bddea62a5dc_2:(Ldev/s7a/strata/component/UiScope;Ldev/s7a/strata/text/UiText;Ldev/s7a/strata/component/CheckboxState;ILdev/s7a/strata/state/StateSource;Ldev/s7a/strata/modifier/Modifier;Ldev/s7a/strata/element/ElementKey;)V
Checkbox	dev.s7a.strata.component.ObservedComponentsKt#method:25:CheckboxState3bddea62a5dc_3:(Ldev/s7a/strata/component/UiScope;Ldev/s7a/strata/state/StateSource;Ldev/s7a/strata/component/CheckboxState;ILdev/s7a/strata/state/StateSource;Ldev/s7a/strata/modifier/Modifier;Ldev/s7a/strata/element/ElementKey;)V
CycleButton	dev.s7a.strata.component.ObservedComponentsKt#method:25:CycleButtonState454065400fd3_1:(Ldev/s7a/strata/component/UiScope;Ldev/s7a/strata/component/CycleButtonState;ILdev/s7a/strata/state/StateSource;Ldev/s7a/strata/modifier/Modifier;Ldev/s7a/strata/element/ElementKey;Lkotlin/jvm/functions/Function1;)V
CycleButton	dev.s7a.strata.component.ObservedComponentsKt#method:25:CycleButtonState454065400fd3_2:(Ldev/s7a/strata/component/UiScope;Ldev/s7a/strata/component/CycleButtonState;IZLdev/s7a/strata/modifier/Modifier;Ldev/s7a/strata/element/ElementKey;Ldev/s7a/strata/state/StateSource;)V
CycleButton	dev.s7a.strata.component.ObservedComponentsKt#method:25:CycleButtonState454065400fd3_3:(Ldev/s7a/strata/component/UiScope;Ldev/s7a/strata/component/CycleButtonState;ILdev/s7a/strata/state/StateSource;Ldev/s7a/strata/modifier/Modifier;Ldev/s7a/strata/element/ElementKey;Ldev/s7a/strata/state/StateSource;)V
Image	dev.s7a.strata.component.ObservedComponentsKt#method:25:ImageState386405e1017f_1:(Ldev/s7a/strata/component/UiScope;Ldev/s7a/strata/state/StateSource;Ldev/s7a/strata/geometry/IntSize;Ldev/s7a/strata/modifier/Modifier;Ldev/s7a/strata/element/ElementKey;)V
Image	dev.s7a.strata.component.ObservedComponentsKt#method:25:ImageState6751db0e9723_1:(Ldev/s7a/strata/component/UiScope;Ldev/s7a/strata/state/StateSource;Ldev/s7a/strata/geometry/IntRect;Ldev/s7a/strata/geometry/IntSize;Ldev/s7a/strata/modifier/Modifier;Ldev/s7a/strata/element/ElementKey;)V
PlayerHead	dev.s7a.strata.component.ObservedComponentsKt#method:25:PlayerHeadState339c1e7d20b9_1:(Ldev/s7a/strata/component/UiScope;Ldev/s7a/strata/state/StateSource;Ldev/s7a/strata/component/PlayerHeadScale;ZLdev/s7a/strata/modifier/Modifier;Ldev/s7a/strata/element/ElementKey;Lkotlin/jvm/functions/Function1;Lkotlin/jvm/functions/Function1;)V
ProgressBar	dev.s7a.strata.component.ObservedComponentsKt#method:25:ProgressBarState4c303dc4114b_1:(Ldev/s7a/strata/component/UiScope;Ldev/s7a/strata/state/StateSource;Ldev/s7a/strata/geometry/IntSize;Ldev/s7a/strata/modifier/Modifier;Ldev/s7a/strata/element/ElementKey;)V
SelectionList	dev.s7a.strata.component.ObservedComponentsKt#method:25:SelectionListState685be857e721_1:(Ldev/s7a/strata/component/UiScope;Ldev/s7a/strata/state/StateSource;Lkotlin/jvm/functions/Function1;Ldev/s7a/strata/component/SelectionListState;Ldev/s7a/strata/geometry/IntSize;IZZILdev/s7a/strata/modifier/Modifier;Ldev/s7a/strata/element/ElementKey;Lkotlin/jvm/functions/Function2;)V
SelectionList	dev.s7a.strata.component.ObservedComponentsKt#method:25:SelectionListState685be857e721_2:(Ldev/s7a/strata/component/UiScope;Ljava/util/List;Lkotlin/jvm/functions/Function1;Ldev/s7a/strata/component/SelectionListState;Ldev/s7a/strata/geometry/IntSize;ILdev/s7a/strata/state/StateSource;ZILdev/s7a/strata/modifier/Modifier;Ldev/s7a/strata/element/ElementKey;Lkotlin/jvm/functions/Function2;)V
SelectionList	dev.s7a.strata.component.ObservedComponentsKt#method:25:SelectionListState685be857e721_3:(Ldev/s7a/strata/component/UiScope;Ldev/s7a/strata/state/StateSource;Lkotlin/jvm/functions/Function1;Ldev/s7a/strata/component/SelectionListState;Ldev/s7a/strata/geometry/IntSize;ILdev/s7a/strata/state/StateSource;ZILdev/s7a/strata/modifier/Modifier;Ldev/s7a/strata/element/ElementKey;Lkotlin/jvm/functions/Function2;)V
SelectionList	dev.s7a.strata.component.ObservedComponentsKt#method:25:SelectionListState685be857e721_4:(Ldev/s7a/strata/component/UiScope;Ljava/util/List;Lkotlin/jvm/functions/Function1;Ldev/s7a/strata/component/SelectionListState;Ldev/s7a/strata/geometry/IntSize;IZLdev/s7a/strata/state/StateSource;ILdev/s7a/strata/modifier/Modifier;Ldev/s7a/strata/element/ElementKey;Lkotlin/jvm/functions/Function2;)V
SelectionList	dev.s7a.strata.component.ObservedComponentsKt#method:25:SelectionListState685be857e721_5:(Ldev/s7a/strata/component/UiScope;Ldev/s7a/strata/state/StateSource;Lkotlin/jvm/functions/Function1;Ldev/s7a/strata/component/SelectionListState;Ldev/s7a/strata/geometry/IntSize;IZLdev/s7a/strata/state/StateSource;ILdev/s7a/strata/modifier/Modifier;Ldev/s7a/strata/element/ElementKey;Lkotlin/jvm/functions/Function2;)V
SelectionList	dev.s7a.strata.component.ObservedComponentsKt#method:25:SelectionListState685be857e721_6:(Ldev/s7a/strata/component/UiScope;Ljava/util/List;Lkotlin/jvm/functions/Function1;Ldev/s7a/strata/component/SelectionListState;Ldev/s7a/strata/geometry/IntSize;ILdev/s7a/strata/state/StateSource;Ldev/s7a/strata/state/StateSource;ILdev/s7a/strata/modifier/Modifier;Ldev/s7a/strata/element/ElementKey;Lkotlin/jvm/functions/Function2;)V
SelectionList	dev.s7a.strata.component.ObservedComponentsKt#method:25:SelectionListState685be857e721_7:(Ldev/s7a/strata/component/UiScope;Ldev/s7a/strata/state/StateSource;Lkotlin/jvm/functions/Function1;Ldev/s7a/strata/component/SelectionListState;Ldev/s7a/strata/geometry/IntSize;ILdev/s7a/strata/state/StateSource;Ldev/s7a/strata/state/StateSource;ILdev/s7a/strata/modifier/Modifier;Ldev/s7a/strata/element/ElementKey;Lkotlin/jvm/functions/Function2;)V
Slider	dev.s7a.strata.component.ObservedComponentsKt#method:25:SliderStatecccdb0fa60d4_1:(Ldev/s7a/strata/component/UiScope;Ldev/s7a/strata/state/StateSource;Ldev/s7a/strata/component/SliderState;IZLdev/s7a/strata/modifier/Modifier;Ldev/s7a/strata/element/ElementKey;)V
Slider	dev.s7a.strata.component.ObservedComponentsKt#method:25:SliderStatecccdb0fa60d4_2:(Ldev/s7a/strata/component/UiScope;Ljava/lang/String;Ldev/s7a/strata/component/SliderState;ILdev/s7a/strata/state/StateSource;Ldev/s7a/strata/modifier/Modifier;Ldev/s7a/strata/element/ElementKey;)V
Slider	dev.s7a.strata.component.ObservedComponentsKt#method:25:SliderStatecccdb0fa60d4_3:(Ldev/s7a/strata/component/UiScope;Ldev/s7a/strata/state/StateSource;Ldev/s7a/strata/component/SliderState;ILdev/s7a/strata/state/StateSource;Ldev/s7a/strata/modifier/Modifier;Ldev/s7a/strata/element/ElementKey;)V
Slider	dev.s7a.strata.component.ObservedComponentsKt#method:25:SliderStatef08abfd13498_1:(Ldev/s7a/strata/component/UiScope;Ldev/s7a/strata/state/StateSource;Ldev/s7a/strata/component/SliderState;IZLdev/s7a/strata/modifier/Modifier;Ldev/s7a/strata/element/ElementKey;)V
Slider	dev.s7a.strata.component.ObservedComponentsKt#method:25:SliderStatef08abfd13498_2:(Ldev/s7a/strata/component/UiScope;Ldev/s7a/strata/text/UiText;Ldev/s7a/strata/component/SliderState;ILdev/s7a/strata/state/StateSource;Ldev/s7a/strata/modifier/Modifier;Ldev/s7a/strata/element/ElementKey;)V
Slider	dev.s7a.strata.component.ObservedComponentsKt#method:25:SliderStatef08abfd13498_3:(Ldev/s7a/strata/component/UiScope;Ldev/s7a/strata/state/StateSource;Ldev/s7a/strata/component/SliderState;ILdev/s7a/strata/state/StateSource;Ldev/s7a/strata/modifier/Modifier;Ldev/s7a/strata/element/ElementKey;)V
Slot	dev.s7a.strata.component.ObservedComponentsKt#method:25:SlotStatea3c7818cbdc8_1:(Ldev/s7a/strata/component/UiScope;Ldev/s7a/strata/state/StateSource;ZLdev/s7a/strata/modifier/Modifier;Ldev/s7a/strata/element/ElementKey;Lkotlin/jvm/functions/Function1;)V
Slot	dev.s7a.strata.component.ObservedComponentsKt#method:25:SlotStatea3c7818cbdc8_2:(Ldev/s7a/strata/component/UiScope;Ldev/s7a/strata/component/SlotBinding;Ldev/s7a/strata/state/StateSource;Ldev/s7a/strata/modifier/Modifier;Ldev/s7a/strata/element/ElementKey;Lkotlin/jvm/functions/Function1;)V
Slot	dev.s7a.strata.component.ObservedComponentsKt#method:25:SlotStatea3c7818cbdc8_3:(Ldev/s7a/strata/component/UiScope;Ldev/s7a/strata/state/StateSource;Ldev/s7a/strata/state/StateSource;Ldev/s7a/strata/modifier/Modifier;Ldev/s7a/strata/element/ElementKey;Lkotlin/jvm/functions/Function1;)V
Tab	dev.s7a.strata.component.ObservedComponentsKt#method:25:TabState06dab4066e27_1:(Ldev/s7a/strata/component/UiScope;Ldev/s7a/strata/state/StateSource;ZIZLdev/s7a/strata/component/TabSelectionIndicator;Ldev/s7a/strata/modifier/Modifier;Ldev/s7a/strata/element/ElementKey;)V
Tab	dev.s7a.strata.component.ObservedComponentsKt#method:25:TabState06dab4066e27_2:(Ldev/s7a/strata/component/UiScope;Ljava/lang/String;Ldev/s7a/strata/state/StateSource;IZLdev/s7a/strata/component/TabSelectionIndicator;Ldev/s7a/strata/modifier/Modifier;Ldev/s7a/strata/element/ElementKey;)V
Tab	dev.s7a.strata.component.ObservedComponentsKt#method:25:TabState06dab4066e27_3:(Ldev/s7a/strata/component/UiScope;Ldev/s7a/strata/state/StateSource;Ldev/s7a/strata/state/StateSource;IZLdev/s7a/strata/component/TabSelectionIndicator;Ldev/s7a/strata/modifier/Modifier;Ldev/s7a/strata/element/ElementKey;)V
Tab	dev.s7a.strata.component.ObservedComponentsKt#method:25:TabState06dab4066e27_4:(Ldev/s7a/strata/component/UiScope;Ljava/lang/String;ZILdev/s7a/strata/state/StateSource;Ldev/s7a/strata/component/TabSelectionIndicator;Ldev/s7a/strata/modifier/Modifier;Ldev/s7a/strata/element/ElementKey;)V
Tab	dev.s7a.strata.component.ObservedComponentsKt#method:25:TabState06dab4066e27_5:(Ldev/s7a/strata/component/UiScope;Ldev/s7a/strata/state/StateSource;ZILdev/s7a/strata/state/StateSource;Ldev/s7a/strata/component/TabSelectionIndicator;Ldev/s7a/strata/modifier/Modifier;Ldev/s7a/strata/element/ElementKey;)V
Tab	dev.s7a.strata.component.ObservedComponentsKt#method:25:TabState06dab4066e27_6:(Ldev/s7a/strata/component/UiScope;Ljava/lang/String;Ldev/s7a/strata/state/StateSource;ILdev/s7a/strata/state/StateSource;Ldev/s7a/strata/component/TabSelectionIndicator;Ldev/s7a/strata/modifier/Modifier;Ldev/s7a/strata/element/ElementKey;)V
Tab	dev.s7a.strata.component.ObservedComponentsKt#method:25:TabState06dab4066e27_7:(Ldev/s7a/strata/component/UiScope;Ldev/s7a/strata/state/StateSource;Ldev/s7a/strata/state/StateSource;ILdev/s7a/strata/state/StateSource;Ldev/s7a/strata/component/TabSelectionIndicator;Ldev/s7a/strata/modifier/Modifier;Ldev/s7a/strata/element/ElementKey;)V
Tab	dev.s7a.strata.component.ObservedComponentsKt#method:25:TabState58ed18680f25_1:(Ldev/s7a/strata/component/UiScope;Ldev/s7a/strata/state/StateSource;ZIZLdev/s7a/strata/component/TabSelectionIndicator;Ldev/s7a/strata/modifier/Modifier;Ldev/s7a/strata/element/ElementKey;)V
Tab	dev.s7a.strata.component.ObservedComponentsKt#method:25:TabState58ed18680f25_2:(Ldev/s7a/strata/component/UiScope;Ldev/s7a/strata/text/UiText;Ldev/s7a/strata/state/StateSource;IZLdev/s7a/strata/component/TabSelectionIndicator;Ldev/s7a/strata/modifier/Modifier;Ldev/s7a/strata/element/ElementKey;)V
Tab	dev.s7a.strata.component.ObservedComponentsKt#method:25:TabState58ed18680f25_3:(Ldev/s7a/strata/component/UiScope;Ldev/s7a/strata/state/StateSource;Ldev/s7a/strata/state/StateSource;IZLdev/s7a/strata/component/TabSelectionIndicator;Ldev/s7a/strata/modifier/Modifier;Ldev/s7a/strata/element/ElementKey;)V
Tab	dev.s7a.strata.component.ObservedComponentsKt#method:25:TabState58ed18680f25_4:(Ldev/s7a/strata/component/UiScope;Ldev/s7a/strata/text/UiText;ZILdev/s7a/strata/state/StateSource;Ldev/s7a/strata/component/TabSelectionIndicator;Ldev/s7a/strata/modifier/Modifier;Ldev/s7a/strata/element/ElementKey;)V
Tab	dev.s7a.strata.component.ObservedComponentsKt#method:25:TabState58ed18680f25_5:(Ldev/s7a/strata/component/UiScope;Ldev/s7a/strata/state/StateSource;ZILdev/s7a/strata/state/StateSource;Ldev/s7a/strata/component/TabSelectionIndicator;Ldev/s7a/strata/modifier/Modifier;Ldev/s7a/strata/element/ElementKey;)V
Tab	dev.s7a.strata.component.ObservedComponentsKt#method:25:TabState58ed18680f25_6:(Ldev/s7a/strata/component/UiScope;Ldev/s7a/strata/text/UiText;Ldev/s7a/strata/state/StateSource;ILdev/s7a/strata/state/StateSource;Ldev/s7a/strata/component/TabSelectionIndicator;Ldev/s7a/strata/modifier/Modifier;Ldev/s7a/strata/element/ElementKey;)V
Tab	dev.s7a.strata.component.ObservedComponentsKt#method:25:TabState58ed18680f25_7:(Ldev/s7a/strata/component/UiScope;Ldev/s7a/strata/state/StateSource;Ldev/s7a/strata/state/StateSource;ILdev/s7a/strata/state/StateSource;Ldev/s7a/strata/component/TabSelectionIndicator;Ldev/s7a/strata/modifier/Modifier;Ldev/s7a/strata/element/ElementKey;)V
TextArea	dev.s7a.strata.component.ObservedComponentsKt#method:25:TextAreaState4da1faac4769_1:(Ldev/s7a/strata/component/UiScope;Ldev/s7a/strata/component/TextAreaState;Ldev/s7a/strata/component/TextInputAppearance;Ldev/s7a/strata/component/TextAreaViewport;Ldev/s7a/strata/resource/ResourceId;Ldev/s7a/strata/state/StateSource;Ldev/s7a/strata/component/TextStyle;Ldev/s7a/strata/text/TextWrap;ILdev/s7a/strata/modifier/Modifier;Ldev/s7a/strata/element/ElementKey;)V
TextArea	dev.s7a.strata.component.ObservedComponentsKt#method:25:TextAreaState80c0b5b4cb37_1:(Ldev/s7a/strata/component/UiScope;Ldev/s7a/strata/component/TextAreaState;Ldev/s7a/strata/component/TextInputAppearance;Ldev/s7a/strata/component/TextAreaViewport;Ldev/s7a/strata/state/StateSource;Ldev/s7a/strata/component/TextStyle;Ldev/s7a/strata/text/TextWrap;ILdev/s7a/strata/modifier/Modifier;Ldev/s7a/strata/element/ElementKey;)V
TextArea	dev.s7a.strata.component.ObservedComponentsKt#method:25:TextAreaStatec0abf0512fec_1:(Ldev/s7a/strata/component/UiScope;Ldev/s7a/strata/component/TextAreaState;Ldev/s7a/strata/component/TextAreaViewport;Ldev/s7a/strata/state/StateSource;Ldev/s7a/strata/component/TextStyle;Ldev/s7a/strata/text/TextWrap;ILdev/s7a/strata/modifier/Modifier;Ldev/s7a/strata/element/ElementKey;)V
TextArea	dev.s7a.strata.component.ObservedComponentsKt#method:25:TextAreaStatec701b9e2eaf6_1:(Ldev/s7a/strata/component/UiScope;Ldev/s7a/strata/component/TextAreaState;Ldev/s7a/strata/component/TextAreaViewport;Ldev/s7a/strata/resource/ResourceId;Ldev/s7a/strata/state/StateSource;Ldev/s7a/strata/component/TextStyle;Ldev/s7a/strata/text/TextWrap;ILdev/s7a/strata/modifier/Modifier;Ldev/s7a/strata/element/ElementKey;)V
TextField	dev.s7a.strata.component.ObservedComponentsKt#method:25:TextFieldState06eec201bfdd_1:(Ldev/s7a/strata/component/UiScope;Ldev/s7a/strata/component/TextFieldState;Ldev/s7a/strata/geometry/IntSize;Ldev/s7a/strata/state/StateSource;Ldev/s7a/strata/component/TextStyle;Ldev/s7a/strata/modifier/Modifier;Ldev/s7a/strata/element/ElementKey;)V
TextField	dev.s7a.strata.component.ObservedComponentsKt#method:25:TextFieldState0f2e4a0352af_1:(Ldev/s7a/strata/component/UiScope;Ldev/s7a/strata/component/TextFieldState;Ldev/s7a/strata/geometry/IntSize;Ldev/s7a/strata/resource/ResourceId;Ldev/s7a/strata/state/StateSource;Ldev/s7a/strata/component/TextStyle;Ldev/s7a/strata/modifier/Modifier;Ldev/s7a/strata/element/ElementKey;)V
TextField	dev.s7a.strata.component.ObservedComponentsKt#method:25:TextFieldState68d5823f42d7_1:(Ldev/s7a/strata/component/UiScope;Ldev/s7a/strata/component/TextFieldState;Ldev/s7a/strata/component/TextInputAppearance;Ldev/s7a/strata/geometry/IntSize;Ldev/s7a/strata/state/StateSource;Ldev/s7a/strata/component/TextStyle;Ldev/s7a/strata/modifier/Modifier;Ldev/s7a/strata/element/ElementKey;)V
TextField	dev.s7a.strata.component.ObservedComponentsKt#method:25:TextFieldState715dafc3f527_1:(Ldev/s7a/strata/component/UiScope;Ldev/s7a/strata/component/TextFieldState;Ldev/s7a/strata/component/TextInputAppearance;Ldev/s7a/strata/resource/ResourceId;Ldev/s7a/strata/state/StateSource;Ldev/s7a/strata/component/TextStyle;Ldev/s7a/strata/modifier/Modifier;Ldev/s7a/strata/element/ElementKey;)V
TextField	dev.s7a.strata.component.ObservedComponentsKt#method:25:TextFieldState8ebce6a07628_1:(Ldev/s7a/strata/component/UiScope;Ldev/s7a/strata/component/TextFieldState;Ldev/s7a/strata/component/TextInputAppearance;Ldev/s7a/strata/state/StateSource;Ldev/s7a/strata/component/TextStyle;Ldev/s7a/strata/modifier/Modifier;Ldev/s7a/strata/element/ElementKey;)V
TextField	dev.s7a.strata.component.ObservedComponentsKt#method:25:TextFieldStateac020717728e_1:(Ldev/s7a/strata/component/UiScope;Ldev/s7a/strata/component/TextFieldState;Ldev/s7a/strata/resource/ResourceId;Ldev/s7a/strata/state/StateSource;Ldev/s7a/strata/component/TextStyle;Ldev/s7a/strata/modifier/Modifier;Ldev/s7a/strata/element/ElementKey;)V
TextField	dev.s7a.strata.component.ObservedComponentsKt#method:25:TextFieldStatebdacf61484d9_1:(Ldev/s7a/strata/component/UiScope;Ldev/s7a/strata/component/TextFieldState;Ldev/s7a/strata/state/StateSource;Ldev/s7a/strata/component/TextStyle;Ldev/s7a/strata/modifier/Modifier;Ldev/s7a/strata/element/ElementKey;)V
TextField	dev.s7a.strata.component.ObservedComponentsKt#method:25:TextFieldStatefd7b3be167e7_1:(Ldev/s7a/strata/component/UiScope;Ldev/s7a/strata/component/TextFieldState;Ldev/s7a/strata/component/TextInputAppearance;Ldev/s7a/strata/geometry/IntSize;Ldev/s7a/strata/resource/ResourceId;Ldev/s7a/strata/state/StateSource;Ldev/s7a/strata/component/TextStyle;Ldev/s7a/strata/modifier/Modifier;Ldev/s7a/strata/element/ElementKey;)V
TiledImage	dev.s7a.strata.component.ObservedComponentsKt#method:25:TiledImageState06558dbd1f3e_1:(Ldev/s7a/strata/component/UiScope;Ldev/s7a/strata/state/StateSource;Ldev/s7a/strata/component/PanZoomState;Ldev/s7a/strata/geometry/IntSize;Ldev/s7a/strata/component/PanZoomFit;Ldev/s7a/strata/component/TiledImageCachePolicy;Ldev/s7a/strata/modifier/Modifier;Ldev/s7a/strata/element/ElementKey;Lkotlin/jvm/functions/Function1;)V
VirtualList	dev.s7a.strata.component.ObservedComponentsKt#method:25:VirtualListState4013cecb450b_1:(Ldev/s7a/strata/component/UiScope;Lkotlin/jvm/functions/Function0;Lkotlin/jvm/functions/Function1;Lkotlin/jvm/functions/Function1;Ldev/s7a/strata/component/VirtualListState;Ldev/s7a/strata/geometry/IntSize;ILkotlin/jvm/functions/Function1;ILdev/s7a/strata/state/StateSource;ZLdev/s7a/strata/modifier/Modifier;Ldev/s7a/strata/element/ElementKey;Lkotlin/jvm/functions/Function2;)V
VirtualList	dev.s7a.strata.component.ObservedComponentsKt#method:25:VirtualListState4013cecb450b_2:(Ldev/s7a/strata/component/UiScope;Lkotlin/jvm/functions/Function0;Lkotlin/jvm/functions/Function1;Lkotlin/jvm/functions/Function1;Ldev/s7a/strata/component/VirtualListState;Ldev/s7a/strata/geometry/IntSize;ILkotlin/jvm/functions/Function1;IZLdev/s7a/strata/state/StateSource;Ldev/s7a/strata/modifier/Modifier;Ldev/s7a/strata/element/ElementKey;Lkotlin/jvm/functions/Function2;)V
VirtualList	dev.s7a.strata.component.ObservedComponentsKt#method:25:VirtualListState4013cecb450b_3:(Ldev/s7a/strata/component/UiScope;Lkotlin/jvm/functions/Function0;Lkotlin/jvm/functions/Function1;Lkotlin/jvm/functions/Function1;Ldev/s7a/strata/component/VirtualListState;Ldev/s7a/strata/geometry/IntSize;ILkotlin/jvm/functions/Function1;ILdev/s7a/strata/state/StateSource;Ldev/s7a/strata/state/StateSource;Ldev/s7a/strata/modifier/Modifier;Ldev/s7a/strata/element/ElementKey;Lkotlin/jvm/functions/Function2;)V
VirtualList	dev.s7a.strata.component.ObservedComponentsKt#method:25:VirtualListState7e3481099f80_1:(Ldev/s7a/strata/component/UiScope;ILkotlin/jvm/functions/Function1;Lkotlin/jvm/functions/Function1;Ldev/s7a/strata/component/VirtualListState;Ldev/s7a/strata/geometry/IntSize;ILkotlin/jvm/functions/Function1;ILdev/s7a/strata/state/StateSource;ZLdev/s7a/strata/modifier/Modifier;Ldev/s7a/strata/element/ElementKey;Lkotlin/jvm/functions/Function2;)V
VirtualList	dev.s7a.strata.component.ObservedComponentsKt#method:25:VirtualListState7e3481099f80_2:(Ldev/s7a/strata/component/UiScope;ILkotlin/jvm/functions/Function1;Lkotlin/jvm/functions/Function1;Ldev/s7a/strata/component/VirtualListState;Ldev/s7a/strata/geometry/IntSize;ILkotlin/jvm/functions/Function1;IZLdev/s7a/strata/state/StateSource;Ldev/s7a/strata/modifier/Modifier;Ldev/s7a/strata/element/ElementKey;Lkotlin/jvm/functions/Function2;)V
VirtualList	dev.s7a.strata.component.ObservedComponentsKt#method:25:VirtualListState7e3481099f80_3:(Ldev/s7a/strata/component/UiScope;ILkotlin/jvm/functions/Function1;Lkotlin/jvm/functions/Function1;Ldev/s7a/strata/component/VirtualListState;Ldev/s7a/strata/geometry/IntSize;ILkotlin/jvm/functions/Function1;ILdev/s7a/strata/state/StateSource;Ldev/s7a/strata/state/StateSource;Ldev/s7a/strata/modifier/Modifier;Ldev/s7a/strata/element/ElementKey;Lkotlin/jvm/functions/Function2;)V
VirtualList	dev.s7a.strata.component.ObservedComponentsKt#method:25:VirtualListState91e435daa5f9_1:(Ldev/s7a/strata/component/UiScope;Ldev/s7a/strata/state/StateSource;Lkotlin/jvm/functions/Function1;Ldev/s7a/strata/component/VirtualListState;Ldev/s7a/strata/geometry/IntSize;IIZZLdev/s7a/strata/modifier/Modifier;Ldev/s7a/strata/element/ElementKey;Lkotlin/jvm/functions/Function2;)V
VirtualList	dev.s7a.strata.component.ObservedComponentsKt#method:25:VirtualListState91e435daa5f9_2:(Ldev/s7a/strata/component/UiScope;Ljava/util/List;Lkotlin/jvm/functions/Function1;Ldev/s7a/strata/component/VirtualListState;Ldev/s7a/strata/geometry/IntSize;IILdev/s7a/strata/state/StateSource;ZLdev/s7a/strata/modifier/Modifier;Ldev/s7a/strata/element/ElementKey;Lkotlin/jvm/functions/Function2;)V
VirtualList	dev.s7a.strata.component.ObservedComponentsKt#method:25:VirtualListState91e435daa5f9_3:(Ldev/s7a/strata/component/UiScope;Ldev/s7a/strata/state/StateSource;Lkotlin/jvm/functions/Function1;Ldev/s7a/strata/component/VirtualListState;Ldev/s7a/strata/geometry/IntSize;IILdev/s7a/strata/state/StateSource;ZLdev/s7a/strata/modifier/Modifier;Ldev/s7a/strata/element/ElementKey;Lkotlin/jvm/functions/Function2;)V
VirtualList	dev.s7a.strata.component.ObservedComponentsKt#method:25:VirtualListState91e435daa5f9_4:(Ldev/s7a/strata/component/UiScope;Ljava/util/List;Lkotlin/jvm/functions/Function1;Ldev/s7a/strata/component/VirtualListState;Ldev/s7a/strata/geometry/IntSize;IIZLdev/s7a/strata/state/StateSource;Ldev/s7a/strata/modifier/Modifier;Ldev/s7a/strata/element/ElementKey;Lkotlin/jvm/functions/Function2;)V
VirtualList	dev.s7a.strata.component.ObservedComponentsKt#method:25:VirtualListState91e435daa5f9_5:(Ldev/s7a/strata/component/UiScope;Ldev/s7a/strata/state/StateSource;Lkotlin/jvm/functions/Function1;Ldev/s7a/strata/component/VirtualListState;Ldev/s7a/strata/geometry/IntSize;IIZLdev/s7a/strata/state/StateSource;Ldev/s7a/strata/modifier/Modifier;Ldev/s7a/strata/element/ElementKey;Lkotlin/jvm/functions/Function2;)V
VirtualList	dev.s7a.strata.component.ObservedComponentsKt#method:25:VirtualListState91e435daa5f9_6:(Ldev/s7a/strata/component/UiScope;Ljava/util/List;Lkotlin/jvm/functions/Function1;Ldev/s7a/strata/component/VirtualListState;Ldev/s7a/strata/geometry/IntSize;IILdev/s7a/strata/state/StateSource;Ldev/s7a/strata/state/StateSource;Ldev/s7a/strata/modifier/Modifier;Ldev/s7a/strata/element/ElementKey;Lkotlin/jvm/functions/Function2;)V
VirtualList	dev.s7a.strata.component.ObservedComponentsKt#method:25:VirtualListState91e435daa5f9_7:(Ldev/s7a/strata/component/UiScope;Ldev/s7a/strata/state/StateSource;Lkotlin/jvm/functions/Function1;Ldev/s7a/strata/component/VirtualListState;Ldev/s7a/strata/geometry/IntSize;IILdev/s7a/strata/state/StateSource;Ldev/s7a/strata/state/StateSource;Ldev/s7a/strata/modifier/Modifier;Ldev/s7a/strata/element/ElementKey;Lkotlin/jvm/functions/Function2;)V
Text	dev.s7a.strata.component.ObservedTextComponentsKt#method:25:TextStringSource:(Ldev/s7a/strata/component/UiScope;Ldev/s7a/strata/state/StateSource;Ldev/s7a/strata/resource/ResourceId;Ldev/s7a/strata/text/TextLayout;Ldev/s7a/strata/component/TextStyle;Ldev/s7a/strata/modifier/Modifier;Ldev/s7a/strata/element/ElementKey;)V
Text	dev.s7a.strata.component.ObservedTextComponentsKt#method:25:TextStringSource:(Ldev/s7a/strata/component/UiScope;Ldev/s7a/strata/state/StateSource;Ldev/s7a/strata/text/TextLayout;Ldev/s7a/strata/component/TextStyle;Ldev/s7a/strata/modifier/Modifier;Ldev/s7a/strata/element/ElementKey;)V
Text	dev.s7a.strata.component.ObservedTextComponentsKt#method:25:TextUiTextSource:(Ldev/s7a/strata/component/UiScope;Ldev/s7a/strata/state/StateSource;Ldev/s7a/strata/resource/ResourceId;Ldev/s7a/strata/text/TextLayout;Ldev/s7a/strata/component/TextStyle;Ldev/s7a/strata/modifier/Modifier;Ldev/s7a/strata/element/ElementKey;)V
Text	dev.s7a.strata.component.ObservedTextComponentsKt#method:25:TextUiTextSource:(Ldev/s7a/strata/component/UiScope;Ldev/s7a/strata/state/StateSource;Ldev/s7a/strata/text/TextLayout;Ldev/s7a/strata/component/TextStyle;Ldev/s7a/strata/modifier/Modifier;Ldev/s7a/strata/element/ElementKey;)V
Button	dev.s7a.strata.component.ProfileComponents#method:25:Button:(Ldev/s7a/strata/component/UiScope;Ldev/s7a/strata/text/UiText;IZLdev/s7a/strata/modifier/Modifier;Ldev/s7a/strata/element/ElementKey;)V
Button	dev.s7a.strata.component.ProfileComponents#method:25:Button:(Ldev/s7a/strata/component/UiScope;Ljava/lang/String;IZLdev/s7a/strata/modifier/Modifier;Ldev/s7a/strata/element/ElementKey;)V
Checkbox	dev.s7a.strata.component.ProfileComponents#method:25:Checkbox:(Ldev/s7a/strata/component/UiScope;Ldev/s7a/strata/text/UiText;Ldev/s7a/strata/component/CheckboxState;IZLdev/s7a/strata/modifier/Modifier;Ldev/s7a/strata/element/ElementKey;)V
Checkbox	dev.s7a.strata.component.ProfileComponents#method:25:Checkbox:(Ldev/s7a/strata/component/UiScope;Ljava/lang/String;Ldev/s7a/strata/component/CheckboxState;IZLdev/s7a/strata/modifier/Modifier;Ldev/s7a/strata/element/ElementKey;)V
CycleButton	dev.s7a.strata.component.ProfileComponents#method:25:CycleButton:(Ldev/s7a/strata/component/UiScope;Ldev/s7a/strata/component/CycleButtonState;IZLdev/s7a/strata/modifier/Modifier;Ldev/s7a/strata/element/ElementKey;Lkotlin/jvm/functions/Function1;)V
Image	dev.s7a.strata.component.ProfileComponents#method:25:Image:(Ldev/s7a/strata/component/UiScope;Ldev/s7a/strata/component/ImageSource;Ldev/s7a/strata/geometry/IntRect;Ldev/s7a/strata/geometry/IntSize;Ldev/s7a/strata/modifier/Modifier;Ldev/s7a/strata/element/ElementKey;)V
Image	dev.s7a.strata.component.ProfileComponents#method:25:Image:(Ldev/s7a/strata/component/UiScope;Ldev/s7a/strata/component/ImageSource;Ldev/s7a/strata/geometry/IntSize;Ldev/s7a/strata/modifier/Modifier;Ldev/s7a/strata/element/ElementKey;)V
LoadingIndicator	dev.s7a.strata.component.ProfileComponents#method:25:LoadingIndicator:(Ldev/s7a/strata/component/UiScope;Ldev/s7a/strata/geometry/IntSize;Ldev/s7a/strata/modifier/Modifier;Ldev/s7a/strata/element/ElementKey;)V
PlayerHead	dev.s7a.strata.component.ProfileComponents#method:25:PlayerHead:(Ldev/s7a/strata/component/UiScope;Ldev/s7a/strata/component/PlayerSkinSource;IZLdev/s7a/strata/modifier/Modifier;Ldev/s7a/strata/element/ElementKey;Lkotlin/jvm/functions/Function1;Lkotlin/jvm/functions/Function1;)V
PlayerHead	dev.s7a.strata.component.ProfileComponents#method:25:PlayerHead:(Ldev/s7a/strata/component/UiScope;Ldev/s7a/strata/component/PlayerSkinSource;Ldev/s7a/strata/component/PlayerHeadScale;ZLdev/s7a/strata/modifier/Modifier;Ldev/s7a/strata/element/ElementKey;Lkotlin/jvm/functions/Function1;Lkotlin/jvm/functions/Function1;)V
ProgressBar	dev.s7a.strata.component.ProfileComponents#method:25:ProgressBar:(Ldev/s7a/strata/component/UiScope;DLdev/s7a/strata/geometry/IntSize;Ldev/s7a/strata/modifier/Modifier;Ldev/s7a/strata/element/ElementKey;)V
ScrollArea	dev.s7a.strata.component.ProfileComponents#method:25:ScrollArea:(Ldev/s7a/strata/component/UiScope;Ldev/s7a/strata/component/ScrollState;Ldev/s7a/strata/modifier/Modifier;Ldev/s7a/strata/element/ElementKey;ILkotlin/jvm/functions/Function1;)V
Scrollbar	dev.s7a.strata.component.ProfileComponents#method:25:Scrollbar:(Ldev/s7a/strata/component/UiScope;Ldev/s7a/strata/component/ScrollState;Ldev/s7a/strata/modifier/Modifier;Ldev/s7a/strata/element/ElementKey;)V
Slider	dev.s7a.strata.component.ProfileComponents#method:25:Slider:(Ldev/s7a/strata/component/UiScope;Ldev/s7a/strata/text/UiText;Ldev/s7a/strata/component/SliderState;IZLdev/s7a/strata/modifier/Modifier;Ldev/s7a/strata/element/ElementKey;)V
Slider	dev.s7a.strata.component.ProfileComponents#method:25:Slider:(Ldev/s7a/strata/component/UiScope;Ljava/lang/String;Ldev/s7a/strata/component/SliderState;IZLdev/s7a/strata/modifier/Modifier;Ldev/s7a/strata/element/ElementKey;)V
Slot	dev.s7a.strata.component.ProfileComponents#method:25:Slot:(Ldev/s7a/strata/component/UiScope;Ldev/s7a/strata/component/SlotBinding;ZLdev/s7a/strata/modifier/Modifier;Ldev/s7a/strata/element/ElementKey;Lkotlin/jvm/functions/Function1;)V
Tab	dev.s7a.strata.component.ProfileComponents#method:25:Tab:(Ldev/s7a/strata/component/UiScope;Ldev/s7a/strata/text/UiText;ZIZLdev/s7a/strata/component/TabSelectionIndicator;Ldev/s7a/strata/modifier/Modifier;Ldev/s7a/strata/element/ElementKey;)V
Tab	dev.s7a.strata.component.ProfileComponents#method:25:Tab:(Ldev/s7a/strata/component/UiScope;Ljava/lang/String;ZIZLdev/s7a/strata/component/TabSelectionIndicator;Ldev/s7a/strata/modifier/Modifier;Ldev/s7a/strata/element/ElementKey;)V
Text	dev.s7a.strata.component.ProfileComponents#method:25:Text:(Ldev/s7a/strata/component/UiScope;Ldev/s7a/strata/text/UiText;Ldev/s7a/strata/component/TextStyle;Ldev/s7a/strata/modifier/Modifier;Ldev/s7a/strata/element/ElementKey;)V
Text	dev.s7a.strata.component.ProfileComponents#method:25:Text:(Ldev/s7a/strata/component/UiScope;Ldev/s7a/strata/text/UiText;Ldev/s7a/strata/resource/ResourceId;Ldev/s7a/strata/component/TextStyle;Ldev/s7a/strata/modifier/Modifier;Ldev/s7a/strata/element/ElementKey;)V
Text	dev.s7a.strata.component.ProfileComponents#method:25:Text:(Ldev/s7a/strata/component/UiScope;Ldev/s7a/strata/text/UiText;Ldev/s7a/strata/text/TextLayout;Ldev/s7a/strata/component/TextStyle;Ldev/s7a/strata/modifier/Modifier;Ldev/s7a/strata/element/ElementKey;)V
Text	dev.s7a.strata.component.ProfileComponents#method:25:Text:(Ldev/s7a/strata/component/UiScope;Ldev/s7a/strata/text/UiText;Ldev/s7a/strata/text/TextLayout;Ldev/s7a/strata/resource/ResourceId;Ldev/s7a/strata/component/TextStyle;Ldev/s7a/strata/modifier/Modifier;Ldev/s7a/strata/element/ElementKey;)V
Text	dev.s7a.strata.component.ProfileComponents#method:25:Text:(Ldev/s7a/strata/component/UiScope;Ljava/lang/String;Ldev/s7a/strata/component/TextStyle;Ldev/s7a/strata/modifier/Modifier;Ldev/s7a/strata/element/ElementKey;)V
Text	dev.s7a.strata.component.ProfileComponents#method:25:Text:(Ldev/s7a/strata/component/UiScope;Ljava/lang/String;Ldev/s7a/strata/resource/ResourceId;Ldev/s7a/strata/component/TextStyle;Ldev/s7a/strata/modifier/Modifier;Ldev/s7a/strata/element/ElementKey;)V
Text	dev.s7a.strata.component.ProfileComponents#method:25:Text:(Ldev/s7a/strata/component/UiScope;Ljava/lang/String;Ldev/s7a/strata/text/TextLayout;Ldev/s7a/strata/component/TextStyle;Ldev/s7a/strata/modifier/Modifier;Ldev/s7a/strata/element/ElementKey;)V
Text	dev.s7a.strata.component.ProfileComponents#method:25:Text:(Ldev/s7a/strata/component/UiScope;Ljava/lang/String;Ldev/s7a/strata/text/TextLayout;Ldev/s7a/strata/resource/ResourceId;Ldev/s7a/strata/component/TextStyle;Ldev/s7a/strata/modifier/Modifier;Ldev/s7a/strata/element/ElementKey;)V
TextArea	dev.s7a.strata.component.ProfileComponents#method:25:TextArea:(Ldev/s7a/strata/component/UiScope;Ldev/s7a/strata/component/TextAreaState;Ldev/s7a/strata/component/TextAreaViewport;Ldev/s7a/strata/resource/ResourceId;ZLdev/s7a/strata/component/TextStyle;Ldev/s7a/strata/text/TextWrap;ILdev/s7a/strata/modifier/Modifier;Ldev/s7a/strata/element/ElementKey;)V
TextArea	dev.s7a.strata.component.ProfileComponents#method:25:TextArea:(Ldev/s7a/strata/component/UiScope;Ldev/s7a/strata/component/TextAreaState;Ldev/s7a/strata/component/TextAreaViewport;ZLdev/s7a/strata/component/TextStyle;Ldev/s7a/strata/text/TextWrap;ILdev/s7a/strata/modifier/Modifier;Ldev/s7a/strata/element/ElementKey;)V
TextField	dev.s7a.strata.component.ProfileComponents#method:25:TextField:(Ldev/s7a/strata/component/UiScope;Ldev/s7a/strata/component/TextFieldState;Ldev/s7a/strata/geometry/IntSize;Ldev/s7a/strata/resource/ResourceId;ZLdev/s7a/strata/component/TextStyle;Ldev/s7a/strata/modifier/Modifier;Ldev/s7a/strata/element/ElementKey;)V
TextField	dev.s7a.strata.component.ProfileComponents#method:25:TextField:(Ldev/s7a/strata/component/UiScope;Ldev/s7a/strata/component/TextFieldState;Ldev/s7a/strata/geometry/IntSize;ZLdev/s7a/strata/component/TextStyle;Ldev/s7a/strata/modifier/Modifier;Ldev/s7a/strata/element/ElementKey;)V
TextField	dev.s7a.strata.component.ProfileComponents#method:25:TextField:(Ldev/s7a/strata/component/UiScope;Ldev/s7a/strata/component/TextFieldState;Ldev/s7a/strata/resource/ResourceId;ZLdev/s7a/strata/component/TextStyle;Ldev/s7a/strata/modifier/Modifier;Ldev/s7a/strata/element/ElementKey;)V
TextField	dev.s7a.strata.component.ProfileComponents#method:25:TextField:(Ldev/s7a/strata/component/UiScope;Ldev/s7a/strata/component/TextFieldState;ZLdev/s7a/strata/component/TextStyle;Ldev/s7a/strata/modifier/Modifier;Ldev/s7a/strata/element/ElementKey;)V
SelectionList	dev.s7a.strata.component.SelectionListComponentsKt#method:25:SelectionList:(Ldev/s7a/strata/component/UiScope;Ljava/util/List;Lkotlin/jvm/functions/Function1;Ldev/s7a/strata/component/SelectionListState;Ldev/s7a/strata/geometry/IntSize;IZZILdev/s7a/strata/modifier/Modifier;Ldev/s7a/strata/element/ElementKey;Lkotlin/jvm/functions/Function2;)V
TextArea	dev.s7a.strata.component.TextInputComponentsKt#method:25:TextArea:(Ldev/s7a/strata/component/UiScope;Ldev/s7a/strata/component/TextAreaState;Ldev/s7a/strata/component/TextInputAppearance;Ldev/s7a/strata/component/TextAreaViewport;Ldev/s7a/strata/resource/ResourceId;ZLdev/s7a/strata/component/TextStyle;Ldev/s7a/strata/text/TextWrap;ILdev/s7a/strata/modifier/Modifier;Ldev/s7a/strata/element/ElementKey;)V
TextArea	dev.s7a.strata.component.TextInputComponentsKt#method:25:TextArea:(Ldev/s7a/strata/component/UiScope;Ldev/s7a/strata/component/TextAreaState;Ldev/s7a/strata/component/TextInputAppearance;Ldev/s7a/strata/component/TextAreaViewport;ZLdev/s7a/strata/component/TextStyle;Ldev/s7a/strata/text/TextWrap;ILdev/s7a/strata/modifier/Modifier;Ldev/s7a/strata/element/ElementKey;)V
TextField	dev.s7a.strata.component.TextInputComponentsKt#method:25:TextField:(Ldev/s7a/strata/component/UiScope;Ldev/s7a/strata/component/TextFieldState;Ldev/s7a/strata/component/TextInputAppearance;Ldev/s7a/strata/geometry/IntSize;Ldev/s7a/strata/resource/ResourceId;ZLdev/s7a/strata/component/TextStyle;Ldev/s7a/strata/modifier/Modifier;Ldev/s7a/strata/element/ElementKey;)V
TextField	dev.s7a.strata.component.TextInputComponentsKt#method:25:TextField:(Ldev/s7a/strata/component/UiScope;Ldev/s7a/strata/component/TextFieldState;Ldev/s7a/strata/component/TextInputAppearance;Ldev/s7a/strata/geometry/IntSize;ZLdev/s7a/strata/component/TextStyle;Ldev/s7a/strata/modifier/Modifier;Ldev/s7a/strata/element/ElementKey;)V
TextField	dev.s7a.strata.component.TextInputComponentsKt#method:25:TextField:(Ldev/s7a/strata/component/UiScope;Ldev/s7a/strata/component/TextFieldState;Ldev/s7a/strata/component/TextInputAppearance;Ldev/s7a/strata/resource/ResourceId;ZLdev/s7a/strata/component/TextStyle;Ldev/s7a/strata/modifier/Modifier;Ldev/s7a/strata/element/ElementKey;)V
TextField	dev.s7a.strata.component.TextInputComponentsKt#method:25:TextField:(Ldev/s7a/strata/component/UiScope;Ldev/s7a/strata/component/TextFieldState;Ldev/s7a/strata/component/TextInputAppearance;ZLdev/s7a/strata/component/TextStyle;Ldev/s7a/strata/modifier/Modifier;Ldev/s7a/strata/element/ElementKey;)V
TiledImage	dev.s7a.strata.component.TiledImageComponentsKt#method:25:TiledImage:(Ldev/s7a/strata/component/UiScope;Ldev/s7a/strata/component/TiledImageSource;Ldev/s7a/strata/component/PanZoomState;Ldev/s7a/strata/geometry/IntSize;Ldev/s7a/strata/component/PanZoomFit;Ldev/s7a/strata/component/TiledImageCachePolicy;Ldev/s7a/strata/modifier/Modifier;Ldev/s7a/strata/element/ElementKey;Lkotlin/jvm/functions/Function1;)V
Column	dev.s7a.strata.component.UiComponentsKt#method:25:Column:(Ldev/s7a/strata/component/UiScope;Ldev/s7a/strata/modifier/Modifier;Ldev/s7a/strata/element/ElementKey;ILdev/s7a/strata/layout/Arrangement;Ldev/s7a/strata/layout/HorizontalAlignment;Lkotlin/jvm/functions/Function1;)V
FlowRow	dev.s7a.strata.component.UiComponentsKt#method:25:FlowRow:(Ldev/s7a/strata/component/UiScope;Ldev/s7a/strata/modifier/Modifier;Ldev/s7a/strata/element/ElementKey;IILdev/s7a/strata/layout/Arrangement;Ldev/s7a/strata/layout/VerticalAlignment;Lkotlin/jvm/functions/Function1;)V
Grid	dev.s7a.strata.component.UiComponentsKt#method:25:Grid:(Ldev/s7a/strata/component/UiScope;ILdev/s7a/strata/modifier/Modifier;Ldev/s7a/strata/element/ElementKey;IILdev/s7a/strata/layout/Alignment;Lkotlin/jvm/functions/Function1;)V
Row	dev.s7a.strata.component.UiComponentsKt#method:25:Row:(Ldev/s7a/strata/component/UiScope;Ldev/s7a/strata/modifier/Modifier;Ldev/s7a/strata/element/ElementKey;ILdev/s7a/strata/layout/Arrangement;Ldev/s7a/strata/layout/VerticalAlignment;Lkotlin/jvm/functions/Function1;)V
Spacer	dev.s7a.strata.component.UiComponentsKt#method:25:Spacer:(Ldev/s7a/strata/component/UiScope;Ldev/s7a/strata/modifier/Modifier;Ldev/s7a/strata/element/ElementKey;)V
Stack	dev.s7a.strata.component.UiComponentsKt#method:25:Stack:(Ldev/s7a/strata/component/UiScope;Ldev/s7a/strata/modifier/Modifier;Ldev/s7a/strata/element/ElementKey;Ldev/s7a/strata/layout/Alignment;Lkotlin/jvm/functions/Function1;)V
VirtualList	dev.s7a.strata.component.VirtualListComponentsKt#method:25:VirtualList:(Ldev/s7a/strata/component/UiScope;ILkotlin/jvm/functions/Function1;Lkotlin/jvm/functions/Function1;Ldev/s7a/strata/component/VirtualListState;Ldev/s7a/strata/geometry/IntSize;ILkotlin/jvm/functions/Function1;IZZLdev/s7a/strata/modifier/Modifier;Ldev/s7a/strata/element/ElementKey;Lkotlin/jvm/functions/Function2;)V
VirtualList	dev.s7a.strata.component.VirtualListComponentsKt#method:25:VirtualList:(Ldev/s7a/strata/component/UiScope;Ljava/util/List;Lkotlin/jvm/functions/Function1;Ldev/s7a/strata/component/VirtualListState;Ldev/s7a/strata/geometry/IntSize;IIZZLdev/s7a/strata/modifier/Modifier;Ldev/s7a/strata/element/ElementKey;Lkotlin/jvm/functions/Function2;)V
VirtualList	dev.s7a.strata.component.VirtualListComponentsKt#method:25:VirtualList:(Ldev/s7a/strata/component/UiScope;Lkotlin/jvm/functions/Function0;Lkotlin/jvm/functions/Function1;Lkotlin/jvm/functions/Function1;Ldev/s7a/strata/component/VirtualListState;Ldev/s7a/strata/geometry/IntSize;ILkotlin/jvm/functions/Function1;IZZLdev/s7a/strata/modifier/Modifier;Ldev/s7a/strata/element/ElementKey;Lkotlin/jvm/functions/Function2;)V
