id	kind	axis_or_scalar	layout_or_settings	preconditions	status
Converter1TightPositive	Converter	1	TightPositive;seed=0;stride=1;padding-poison=37*i+11*seed+101;logical=73*i+19*floor(i/width)*floor(width/256)+29*seed modulo256	Owned native FT_Bitmap and actual private converter; independent logical/scalar oracle	Pending
Converter1PaddedPositive	Converter	1	PaddedPositive;seed=1;stride=4;padding-poison=37*i+11*seed+101;logical=73*i+19*floor(i/width)*floor(width/256)+29*seed modulo256	Owned native FT_Bitmap and actual private converter; independent logical/scalar oracle	Pending
Converter1TightNegative	Converter	1	TightNegative;seed=2;stride=1;padding-poison=37*i+11*seed+101;logical=73*i+19*floor(i/width)*floor(width/256)+29*seed modulo256	Owned native FT_Bitmap and actual private converter; independent logical/scalar oracle	Pending
Converter1PaddedNegative	Converter	1	PaddedNegative;seed=3;stride=4;padding-poison=37*i+11*seed+101;logical=73*i+19*floor(i/width)*floor(width/256)+29*seed modulo256	Owned native FT_Bitmap and actual private converter; independent logical/scalar oracle	Pending
Converter8TightPositive	Converter	8	TightPositive;seed=4;stride=8;padding-poison=37*i+11*seed+101;logical=73*i+19*floor(i/width)*floor(width/256)+29*seed modulo256	Owned native FT_Bitmap and actual private converter; independent logical/scalar oracle	Pending
Converter8PaddedPositive	Converter	8	PaddedPositive;seed=5;stride=11;padding-poison=37*i+11*seed+101;logical=73*i+19*floor(i/width)*floor(width/256)+29*seed modulo256	Owned native FT_Bitmap and actual private converter; independent logical/scalar oracle	Pending
Converter8TightNegative	Converter	8	TightNegative;seed=6;stride=8;padding-poison=37*i+11*seed+101;logical=73*i+19*floor(i/width)*floor(width/256)+29*seed modulo256	Owned native FT_Bitmap and actual private converter; independent logical/scalar oracle	Pending
Converter8PaddedNegative	Converter	8	PaddedNegative;seed=7;stride=11;padding-poison=37*i+11*seed+101;logical=73*i+19*floor(i/width)*floor(width/256)+29*seed modulo256	Owned native FT_Bitmap and actual private converter; independent logical/scalar oracle	Pending
Converter16TightPositive	Converter	16	TightPositive;seed=8;stride=16;padding-poison=37*i+11*seed+101;logical=73*i+19*floor(i/width)*floor(width/256)+29*seed modulo256	Owned native FT_Bitmap and actual private converter; independent logical/scalar oracle	Pending
Converter16PaddedPositive	Converter	16	PaddedPositive;seed=9;stride=19;padding-poison=37*i+11*seed+101;logical=73*i+19*floor(i/width)*floor(width/256)+29*seed modulo256	Owned native FT_Bitmap and actual private converter; independent logical/scalar oracle	Pending
Converter16TightNegative	Converter	16	TightNegative;seed=10;stride=16;padding-poison=37*i+11*seed+101;logical=73*i+19*floor(i/width)*floor(width/256)+29*seed modulo256	Owned native FT_Bitmap and actual private converter; independent logical/scalar oracle	Pending
Converter16PaddedNegative	Converter	16	PaddedNegative;seed=11;stride=19;padding-poison=37*i+11*seed+101;logical=73*i+19*floor(i/width)*floor(width/256)+29*seed modulo256	Owned native FT_Bitmap and actual private converter; independent logical/scalar oracle	Pending
Converter64TightPositive	Converter	64	TightPositive;seed=12;stride=64;padding-poison=37*i+11*seed+101;logical=73*i+19*floor(i/width)*floor(width/256)+29*seed modulo256	Owned native FT_Bitmap and actual private converter; independent logical/scalar oracle	Pending
Converter64PaddedPositive	Converter	64	PaddedPositive;seed=13;stride=67;padding-poison=37*i+11*seed+101;logical=73*i+19*floor(i/width)*floor(width/256)+29*seed modulo256	Owned native FT_Bitmap and actual private converter; independent logical/scalar oracle	Pending
Converter64TightNegative	Converter	64	TightNegative;seed=14;stride=64;padding-poison=37*i+11*seed+101;logical=73*i+19*floor(i/width)*floor(width/256)+29*seed modulo256	Owned native FT_Bitmap and actual private converter; independent logical/scalar oracle	Pending
Converter64PaddedNegative	Converter	64	PaddedNegative;seed=15;stride=67;padding-poison=37*i+11*seed+101;logical=73*i+19*floor(i/width)*floor(width/256)+29*seed modulo256	Owned native FT_Bitmap and actual private converter; independent logical/scalar oracle	Pending
Converter256TightPositive	Converter	256	TightPositive;seed=16;stride=256;padding-poison=37*i+11*seed+101;logical=73*i+19*floor(i/width)*floor(width/256)+29*seed modulo256	Owned native FT_Bitmap and actual private converter; independent logical/scalar oracle	Pending
Converter256PaddedPositive	Converter	256	PaddedPositive;seed=17;stride=259;padding-poison=37*i+11*seed+101;logical=73*i+19*floor(i/width)*floor(width/256)+29*seed modulo256	Owned native FT_Bitmap and actual private converter; independent logical/scalar oracle	Pending
Converter256TightNegative	Converter	256	TightNegative;seed=18;stride=256;padding-poison=37*i+11*seed+101;logical=73*i+19*floor(i/width)*floor(width/256)+29*seed modulo256	Owned native FT_Bitmap and actual private converter; independent logical/scalar oracle	Pending
Converter256PaddedNegative	Converter	256	PaddedNegative;seed=19;stride=259;padding-poison=37*i+11*seed+101;logical=73*i+19*floor(i/width)*floor(width/256)+29*seed modulo256	Owned native FT_Bitmap and actual private converter; independent logical/scalar oracle	Pending
SmallGlyphOne	RealGlyph	0x41	size=11;oversample=2;shiftX=0.25;shiftY=-0.5;viewport=320x240;one original scalar	Existing CC0 TTF SHA2567bc69e225c049a676c8cdb4cd20c55eab160c870c099c824a1c3b0ccdbfafc74; actual presence/nonempty/mode/extents/pitch/metrics and native generation require admission before freeze	Pending
SmallGlyphTwo	RealGlyph	0x65e5	size=11;oversample=2;shiftX=0.25;shiftY=-0.5;viewport=320x240;one original scalar	Existing CC0 TTF SHA2567bc69e225c049a676c8cdb4cd20c55eab160c870c099c824a1c3b0ccdbfafc74; actual presence/nonempty/mode/extents/pitch/metrics and native generation require admission before freeze	Pending
LargeGlyphOne	RealGlyph	0x41	size=96;oversample=2;shiftX=0.25;shiftY=-0.5;viewport=320x240;one original scalar	Existing CC0 TTF SHA2567bc69e225c049a676c8cdb4cd20c55eab160c870c099c824a1c3b0ccdbfafc74; actual presence/nonempty/mode/extents/pitch/metrics and native generation require admission before freeze	Pending
LargeGlyphTwo	RealGlyph	0x65e5	size=96;oversample=2;shiftX=0.25;shiftY=-0.5;viewport=320x240;one original scalar	Existing CC0 TTF SHA2567bc69e225c049a676c8cdb4cd20c55eab160c870c099c824a1c3b0ccdbfafc74; actual presence/nonempty/mode/extents/pitch/metrics and native generation require admission before freeze	Pending
WarmFreeTypeRaster	Control	WarmFreeTypeRaster	Original FreeTypeCached provider fixture; cacheEntries64/cacheBytes1048576/maxFaces16; warmed genuine glyph lookup	Actual source/runtime boundary and original failure/output identity; no-benefit row retained	Pending
MissingFreeTypeGlyph	Control	MissingFreeTypeGlyph	Already opened actual FreeType face; scalar0x2603; require absent native character index	Actual source/runtime boundary and original failure/output identity; no-benefit row retained	Pending
EmptyFreeTypeGlyph	Control	EmptyFreeTypeGlyph	Already opened actual FreeType face; scalar0x20; require present empty glyph and no conversion image	Actual source/runtime boundary and original failure/output identity; no-benefit row retained	Pending
AtlasRejectedGlyph	Control	AtlasRejectedGlyph	Actual FreeType face at size512/oversample1; require actual measured axis above256, atlas marker and no conversion	Actual source/runtime boundary and original failure/output identity; no-benefit row retained	Pending
ImageLimitRejectedGlyph	Control	ImageLimitRejectedGlyph	Actual bounded FreeType face at size11/oversample2/shift0.25,-0.5; limits dimension1/bytes4; original image-limit exception	Actual source/runtime boundary and original failure/output identity; no-benefit row retained	Pending
StbGlyph	Control	StbGlyph	Actual STB face; same CC0 font/small settings/scalar0x41; complete native glyph and detached pixels	Actual source/runtime boundary and original failure/output identity; no-benefit row retained	Pending
BitmapGlyph	Control	BitmapGlyph	Existing BitmapSession cell8; prepared immutable source sheet and real cache-disabled bitmap cell construction	Actual source/runtime boundary and original failure/output identity; no-benefit row retained	Pending
SnapshotLoad	Control	SnapshotLoad	Original FreeTypeCached provider source; actual snapshot load including validation, excluding source acquisition	Actual source/runtime boundary and original failure/output identity; no-benefit row retained	Pending
EngineLifecycle	Control	EngineLifecycle	Original FreeTypeCached provider full lifecycle: independent engine, original complete scalar working set, terminal close	Actual source/runtime boundary and original failure/output identity; no-benefit row retained	Pending
SnapshotReplacement	Control	SnapshotReplacement	Alternate immutable prepared size11 and12 TTF snapshots; close old engine, open new engine, actual glyph; cache64/1048576/faces16	Actual source/runtime boundary and original failure/output identity; no-benefit row retained	Pending
CompleteCleanTextFrame	Control	CompleteCleanTextFrame	Original scalar0x41/small settings; retained primed actual Text host; complete clean frame at320x240	Actual source/runtime boundary and original failure/output identity; no-benefit row retained	Pending
MalformedConverterInput	Control	MalformedConverterInput	Owned8x8 padded negative native bitmap; exact three actual-converter rejections mode then extent then stride; restore descriptor	Actual source/runtime boundary and original failure/output identity; no-benefit row retained	Pending
