id	method	parameters	boundary	baseline0	baseline1	baseline2	candidate0	candidate1	candidate2
Converter1TightPositive	converter	axis=1,layout=TightPositive	Actual converter including identical reflective varargs, validation, ByteBuffer view, one private output and image bridge	Pending	Pending	Pending	Pending	Pending	Pending
Converter1PaddedPositive	converter	axis=1,layout=PaddedPositive	Actual converter including identical reflective varargs, validation, ByteBuffer view, one private output and image bridge	Pending	Pending	Pending	Pending	Pending	Pending
Converter1TightNegative	converter	axis=1,layout=TightNegative	Actual converter including identical reflective varargs, validation, ByteBuffer view, one private output and image bridge	Pending	Pending	Pending	Pending	Pending	Pending
Converter1PaddedNegative	converter	axis=1,layout=PaddedNegative	Actual converter including identical reflective varargs, validation, ByteBuffer view, one private output and image bridge	Pending	Pending	Pending	Pending	Pending	Pending
Converter8TightPositive	converter	axis=8,layout=TightPositive	Actual converter including identical reflective varargs, validation, ByteBuffer view, one private output and image bridge	Pending	Pending	Pending	Pending	Pending	Pending
Converter8PaddedPositive	converter	axis=8,layout=PaddedPositive	Actual converter including identical reflective varargs, validation, ByteBuffer view, one private output and image bridge	Pending	Pending	Pending	Pending	Pending	Pending
Converter8TightNegative	converter	axis=8,layout=TightNegative	Actual converter including identical reflective varargs, validation, ByteBuffer view, one private output and image bridge	Pending	Pending	Pending	Pending	Pending	Pending
Converter8PaddedNegative	converter	axis=8,layout=PaddedNegative	Actual converter including identical reflective varargs, validation, ByteBuffer view, one private output and image bridge	Pending	Pending	Pending	Pending	Pending	Pending
Converter16TightPositive	converter	axis=16,layout=TightPositive	Actual converter including identical reflective varargs, validation, ByteBuffer view, one private output and image bridge	Pending	Pending	Pending	Pending	Pending	Pending
Converter16PaddedPositive	converter	axis=16,layout=PaddedPositive	Actual converter including identical reflective varargs, validation, ByteBuffer view, one private output and image bridge	Pending	Pending	Pending	Pending	Pending	Pending
Converter16TightNegative	converter	axis=16,layout=TightNegative	Actual converter including identical reflective varargs, validation, ByteBuffer view, one private output and image bridge	Pending	Pending	Pending	Pending	Pending	Pending
Converter16PaddedNegative	converter	axis=16,layout=PaddedNegative	Actual converter including identical reflective varargs, validation, ByteBuffer view, one private output and image bridge	Pending	Pending	Pending	Pending	Pending	Pending
Converter64TightPositive	converter	axis=64,layout=TightPositive	Actual converter including identical reflective varargs, validation, ByteBuffer view, one private output and image bridge	Pending	Pending	Pending	Pending	Pending	Pending
Converter64PaddedPositive	converter	axis=64,layout=PaddedPositive	Actual converter including identical reflective varargs, validation, ByteBuffer view, one private output and image bridge	Pending	Pending	Pending	Pending	Pending	Pending
Converter64TightNegative	converter	axis=64,layout=TightNegative	Actual converter including identical reflective varargs, validation, ByteBuffer view, one private output and image bridge	Pending	Pending	Pending	Pending	Pending	Pending
Converter64PaddedNegative	converter	axis=64,layout=PaddedNegative	Actual converter including identical reflective varargs, validation, ByteBuffer view, one private output and image bridge	Pending	Pending	Pending	Pending	Pending	Pending
Converter256TightPositive	converter	axis=256,layout=TightPositive	Actual converter including identical reflective varargs, validation, ByteBuffer view, one private output and image bridge	Pending	Pending	Pending	Pending	Pending	Pending
Converter256PaddedPositive	converter	axis=256,layout=PaddedPositive	Actual converter including identical reflective varargs, validation, ByteBuffer view, one private output and image bridge	Pending	Pending	Pending	Pending	Pending	Pending
Converter256TightNegative	converter	axis=256,layout=TightNegative	Actual converter including identical reflective varargs, validation, ByteBuffer view, one private output and image bridge	Pending	Pending	Pending	Pending	Pending	Pending
Converter256PaddedNegative	converter	axis=256,layout=PaddedNegative	Actual converter including identical reflective varargs, validation, ByteBuffer view, one private output and image bridge	Pending	Pending	Pending	Pending	Pending	Pending
SmallGlyphOne-CompleteFreeTypeGlyph	completeFreeTypeGlyph	fixture=SmallGlyphOne	Already opened actual native face; unchanged measure, preflight and render loads, conversion and complete glyph	Pending	Pending	Pending	Pending	Pending	Pending
SmallGlyphOne-CompleteDirtyTextFrame	completeDirtyTextFrame	fixture=SmallGlyphOne	Prepared immutable profile and font source; fresh actual host creation, attach, first dirty Text frame at320x240, terminal host/native close	Pending	Pending	Pending	Pending	Pending	Pending
SmallGlyphTwo-CompleteFreeTypeGlyph	completeFreeTypeGlyph	fixture=SmallGlyphTwo	Already opened actual native face; unchanged measure, preflight and render loads, conversion and complete glyph	Pending	Pending	Pending	Pending	Pending	Pending
SmallGlyphTwo-CompleteDirtyTextFrame	completeDirtyTextFrame	fixture=SmallGlyphTwo	Prepared immutable profile and font source; fresh actual host creation, attach, first dirty Text frame at320x240, terminal host/native close	Pending	Pending	Pending	Pending	Pending	Pending
LargeGlyphOne-CompleteFreeTypeGlyph	completeFreeTypeGlyph	fixture=LargeGlyphOne	Already opened actual native face; unchanged measure, preflight and render loads, conversion and complete glyph	Pending	Pending	Pending	Pending	Pending	Pending
LargeGlyphOne-CompleteDirtyTextFrame	completeDirtyTextFrame	fixture=LargeGlyphOne	Prepared immutable profile and font source; fresh actual host creation, attach, first dirty Text frame at320x240, terminal host/native close	Pending	Pending	Pending	Pending	Pending	Pending
LargeGlyphTwo-CompleteFreeTypeGlyph	completeFreeTypeGlyph	fixture=LargeGlyphTwo	Already opened actual native face; unchanged measure, preflight and render loads, conversion and complete glyph	Pending	Pending	Pending	Pending	Pending	Pending
LargeGlyphTwo-CompleteDirtyTextFrame	completeDirtyTextFrame	fixture=LargeGlyphTwo	Prepared immutable profile and font source; fresh actual host creation, attach, first dirty Text frame at320x240, terminal host/native close	Pending	Pending	Pending	Pending	Pending	Pending
WarmFreeTypeRaster	control	operation=WarmFreeTypeRaster	Original FreeTypeCached provider fixture; cacheEntries64/cacheBytes1048576/maxFaces16; warmed genuine glyph lookup	Pending	Pending	Pending	Pending	Pending	Pending
MissingFreeTypeGlyph	control	operation=MissingFreeTypeGlyph	Already opened actual FreeType face; scalar0x2603; require absent native character index	Pending	Pending	Pending	Pending	Pending	Pending
EmptyFreeTypeGlyph	control	operation=EmptyFreeTypeGlyph	Already opened actual FreeType face; scalar0x20; require present empty glyph and no conversion image	Pending	Pending	Pending	Pending	Pending	Pending
AtlasRejectedGlyph	control	operation=AtlasRejectedGlyph	Actual FreeType face at size512/oversample1; require actual measured axis above256, atlas marker and no conversion	Pending	Pending	Pending	Pending	Pending	Pending
ImageLimitRejectedGlyph	control	operation=ImageLimitRejectedGlyph	Actual bounded FreeType face at size11/oversample2/shift0.25,-0.5; limits dimension1/bytes4; original image-limit exception	Pending	Pending	Pending	Pending	Pending	Pending
StbGlyph	control	operation=StbGlyph	Actual STB face; same CC0 font/small settings/scalar0x41; complete native glyph and detached pixels	Pending	Pending	Pending	Pending	Pending	Pending
BitmapGlyph	control	operation=BitmapGlyph	Existing BitmapSession cell8; prepared immutable source sheet and real cache-disabled bitmap cell construction	Pending	Pending	Pending	Pending	Pending	Pending
SnapshotLoad	control	operation=SnapshotLoad	Original FreeTypeCached provider source; actual snapshot load including validation, excluding source acquisition	Pending	Pending	Pending	Pending	Pending	Pending
EngineLifecycle	control	operation=EngineLifecycle	Original FreeTypeCached provider full lifecycle: independent engine, original complete scalar working set, terminal close	Pending	Pending	Pending	Pending	Pending	Pending
SnapshotReplacement	control	operation=SnapshotReplacement	Alternate immutable prepared size11 and12 TTF snapshots; close old engine, open new engine, actual glyph; cache64/1048576/faces16	Pending	Pending	Pending	Pending	Pending	Pending
CompleteCleanTextFrame	control	operation=CompleteCleanTextFrame	Original scalar0x41/small settings; retained primed actual Text host; complete clean frame at320x240	Pending	Pending	Pending	Pending	Pending	Pending
MalformedConverterInput	control	operation=MalformedConverterInput	Owned8x8 padded negative native bitmap; exact three actual-converter rejections mode then extent then stride; restore descriptor	Pending	Pending	Pending	Pending	Pending	Pending
