id	control	independent_evidence	status
1	Tight positive pitch	FreeTypeGrayscaleConversionTest.completeFrozenExtentAndPitchMatrixPreservesEveryPixelAfterRelease	Pending
2	Padded positive pitch	FreeTypeGrayscaleConversionTest.completeFrozenExtentAndPitchMatrixPreservesEveryPixelAfterRelease	Pending
3	Tight negative pitch	FreeTypeGrayscaleConversionTest.completeFrozenExtentAndPitchMatrixPreservesEveryPixelAfterRelease	Pending
4	Padded negative pitch	FreeTypeGrayscaleConversionTest.completeFrozenExtentAndPitchMatrixPreservesEveryPixelAfterRelease	Pending
5	One-pixel extent	FreeTypeGrayscaleConversionTest.completeFrozenExtentAndPitchMatrixPreservesEveryPixelAfterRelease	Pending
6	Asymmetric row/column extents	FreeTypeGrayscaleConversionTest.asymmetricRowsExcludePoisonedPaddingAndCoverEveryUnsignedIntensity	Pending
7	Largest admitted256-axis conversion	FreeTypeGrayscaleConversionTest.completeFrozenExtentAndPitchMatrixPreservesEveryPixelAfterRelease; LwjglMinecraftFontBackendTest.nativeAtlasLimitsPrecedeRasterAllocationAndIncludeTheExactBoundary	Pending
8	All256 grayscale values	FreeTypeGrayscaleConversionTest.asymmetricRowsExcludePoisonedPaddingAndCoverEveryUnsignedIntensity	Pending
9	Signed byte values128 through255	FreeTypeGrayscaleConversionTest.asymmetricRowsExcludePoisonedPaddingAndCoverEveryUnsignedIntensity	Pending
10	Poisoned padding is never read as pixels	FreeTypeGrayscaleConversionTest.completeFrozenExtentAndPitchMatrixPreservesEveryPixelAfterRelease; independent scalar address oracle	Pending
11	Every logical row has independently distinct values	FreeTypeGrayscaleConversionTest.asymmetricRowsExcludePoisonedPaddingAndCoverEveryUnsignedIntensity; frozen logical pattern	Pending
12	Byte-for-byte complete ARGB intensity conversion	FreeTypeGrayscaleConversionTest; FreeTypeScalarOracle; FreeTypeGrayscaleWorkEvidence	Pending
13	Exact native pixel-mode rejection	FreeTypeGrayscaleConversionTest.grayscaleExtentAndStrideRejectionsPreserveTheirOriginalOrder	Pending
14	Exact rendered/caller extent mismatch rejection	FreeTypeGrayscaleConversionTest.grayscaleExtentAndStrideRejectionsPreserveTheirOriginalOrder	Pending
15	Pitch zero/too-small/Int.MIN_VALUE rejection	FreeTypeGrayscaleConversionTest.grayscaleExtentAndStrideRejectionsPreserveTheirOriginalOrder	Pending
16	Checked source-buffer byte count overflow	FreeTypeGrayscaleConversionTest.checkedBufferSizePrecedesMissingPixelsAndOutputAllocation	Pending
17	Missing/invalid source buffer and failure ordering	FreeTypeGrayscaleConversionTest.checkedBufferSizePrecedesMissingPixelsAndOutputAllocation; invalid pointers are never dereferenced	Pending
18	Checked output size and empty/edge input behavior	FreeTypeGrayscaleConversionTest.emptyAndNegativePrivateExtentsPreserveOriginalOutcomes	Pending
19	Source read-once counts and row-major output	Independent scalar oracle/output; source-structure bounded read/write proof; actual executed read-count evidence remains Pending	Pending
20	Detached output after native bytes are overwritten and freed	FreeTypeGrayscaleConversionTest.completeFrozenExtentAndPitchMatrixPreservesEveryPixelAfterRelease; FreeTypeGrayscaleWorkEvidence.converters	Pending
21	Existing exclusive pixel ownership remains intact	FontRasterOwnershipTest; FreeTypeGrayscaleConversionTest; unchanged owned image bridge	Pending
22	Empty/missing glyphs allocate no conversion raster	LwjglMinecraftFontBackendTest; FreeTypeControlFixture missing/empty paths; actual conversion-call trace remains Pending	Pending
23	Atlas and image-limit rejection before conversion	LwjglMinecraftFontBackendTest.trueTypeImageCeilingsApplyBeforeRasterAllocationWithoutLosingFaceOwnership; nativeAtlasMarkersRemainAllocationFreeUnderTightGlyphImageCeilings	Pending
24	Unchanged measure/preflight/render native call counts	Unchanged runtime glyph/preflight source; independent native oracle flags; actual runtime-native call trace remains Pending	Pending
25	Original Float metrics,orientation,bold/shadow and advance	FreeTypeScalarOracle; FreeTypeGrayscaleWorkEvidence.equalGlyph; LwjglMinecraftFontBackendTest signed/numeric provider tests	Pending
26	Warm/cache-disabled/evicted public glyph paths	MinecraftFontEngineTest; FontRasterOwnershipTest; LwjglMinecraftFontBackendTest; FreeTypeControlFixture warm/lifecycle/replacement	Pending
27	Independent complete Text dirty/clean output and geometry/input/semantics	FreeTypeGrayscaleWorkEvidence.equalFrame scalar-oracle backend; MinecraftMultilineTextTest; actual loaded Text/input parity remains Pending	Pending
28	Snapshot/backend/face lifetime,source replacement and old glyph validity	FontRasterOwnershipTest.everyNativeGlyphRemainsDetachedAfterOtherGlyphsAndBothOwnersClose; MinecraftFontEngineTest.nativeFaceEvictionClosesBeforeOpeningAndCloseRemainsIdempotent; source/host lifetime tests	Pending
29	Owner-thread isolation,failed construction/close and terminal release	MinecraftFontEngineTest.foreignThreadsCannotReadOrCloseTheOwnerEngine; cleanupReleasesAllResourcesAndSuppressesEachDistinctFailureOnce; LwjglMinecraftFontBackendTest.native initialization failure leaves the backend usable (exact existing backtick test name)	Pending
30	STB/bitmap controls and no source-history/native-buffer cache	Existing STB/bitmap/ownership/cache-disabled suites; unchanged production ownership and no added cache; FreeTypeControlFixture STB/bitmap	Pending
