case	operation	baseline1	baseline2	baseline3	candidate1	candidate2	candidate3
Ascii32	normalize	Pending	Pending	Pending	Pending	Pending	Pending
Ascii32	inputFrame	Pending	Pending	Pending	Pending	Pending	Pending
Ascii4096	normalize	Pending	Pending	Pending	Pending	Pending	Pending
Ascii4096	inputFrame	Pending	Pending	Pending	Pending	Pending	Pending
Ascii16384	normalize	Pending	Pending	Pending	Pending	Pending	Pending
Ascii16384	inputFrame	Pending	Pending	Pending	Pending	Pending	Pending
Cjk32	normalize	Pending	Pending	Pending	Pending	Pending	Pending
Cjk32	inputFrame	Pending	Pending	Pending	Pending	Pending	Pending
Cjk4096	normalize	Pending	Pending	Pending	Pending	Pending	Pending
Cjk4096	inputFrame	Pending	Pending	Pending	Pending	Pending	Pending
Cjk16384	normalize	Pending	Pending	Pending	Pending	Pending	Pending
Cjk16384	inputFrame	Pending	Pending	Pending	Pending	Pending	Pending
Supplementary32	normalize	Pending	Pending	Pending	Pending	Pending	Pending
Supplementary32	inputFrame	Pending	Pending	Pending	Pending	Pending	Pending
Supplementary4096	normalize	Pending	Pending	Pending	Pending	Pending	Pending
Supplementary4096	inputFrame	Pending	Pending	Pending	Pending	Pending	Pending
Supplementary16384	normalize	Pending	Pending	Pending	Pending	Pending	Pending
Supplementary16384	inputFrame	Pending	Pending	Pending	Pending	Pending	Pending
Lf32	normalize	Pending	Pending	Pending	Pending	Pending	Pending
Lf32	inputFrame	Pending	Pending	Pending	Pending	Pending	Pending
Lf4096	normalize	Pending	Pending	Pending	Pending	Pending	Pending
Lf4096	inputFrame	Pending	Pending	Pending	Pending	Pending	Pending
Lf16384	normalize	Pending	Pending	Pending	Pending	Pending	Pending
Lf16384	inputFrame	Pending	Pending	Pending	Pending	Pending	Pending
Caret32	normalize	Pending	Pending	Pending	Pending	Pending	Pending
Caret32	inputFrame	Pending	Pending	Pending	Pending	Pending	Pending
Caret4096	normalize	Pending	Pending	Pending	Pending	Pending	Pending
Caret4096	inputFrame	Pending	Pending	Pending	Pending	Pending	Pending
Caret16384	normalize	Pending	Pending	Pending	Pending	Pending	Pending
Caret16384	inputFrame	Pending	Pending	Pending	Pending	Pending	Pending
FocusedBlock32	normalize	Pending	Pending	Pending	Pending	Pending	Pending
FocusedBlock32	inputFrame	Pending	Pending	Pending	Pending	Pending	Pending
FocusedBlock4096	normalize	Pending	Pending	Pending	Pending	Pending	Pending
FocusedBlock4096	inputFrame	Pending	Pending	Pending	Pending	Pending	Pending
FocusedBlock16384	normalize	Pending	Pending	Pending	Pending	Pending	Pending
FocusedBlock16384	inputFrame	Pending	Pending	Pending	Pending	Pending	Pending
Replacement32	normalize	Pending	Pending	Pending	Pending	Pending	Pending
Replacement32	inputFrame	Pending	Pending	Pending	Pending	Pending	Pending
Replacement4096	normalize	Pending	Pending	Pending	Pending	Pending	Pending
Replacement4096	inputFrame	Pending	Pending	Pending	Pending	Pending	Pending
Replacement16384	normalize	Pending	Pending	Pending	Pending	Pending	Pending
Replacement16384	inputFrame	Pending	Pending	Pending	Pending	Pending	Pending
Cr32	normalize	Pending	Pending	Pending	Pending	Pending	Pending
Cr32	inputFrame	Pending	Pending	Pending	Pending	Pending	Pending
Cr4096	normalize	Pending	Pending	Pending	Pending	Pending	Pending
Cr4096	inputFrame	Pending	Pending	Pending	Pending	Pending	Pending
Crlf32	normalize	Pending	Pending	Pending	Pending	Pending	Pending
Crlf32	inputFrame	Pending	Pending	Pending	Pending	Pending	Pending
Crlf4096	normalize	Pending	Pending	Pending	Pending	Pending	Pending
Crlf4096	inputFrame	Pending	Pending	Pending	Pending	Pending	Pending
MixedBreaks32	normalize	Pending	Pending	Pending	Pending	Pending	Pending
MixedBreaks32	inputFrame	Pending	Pending	Pending	Pending	Pending	Pending
MixedBreaks4096	normalize	Pending	Pending	Pending	Pending	Pending	Pending
MixedBreaks4096	inputFrame	Pending	Pending	Pending	Pending	Pending	Pending
LateConversion32	normalize	Pending	Pending	Pending	Pending	Pending	Pending
LateConversion32	inputFrame	Pending	Pending	Pending	Pending	Pending	Pending
LateConversion4096	normalize	Pending	Pending	Pending	Pending	Pending	Pending
LateConversion4096	inputFrame	Pending	Pending	Pending	Pending	Pending	Pending
EmptyClear	normalize	Pending	Pending	Pending	Pending	Pending	Pending
EmptyClear	inputFrame	Pending	Pending	Pending	Pending	Pending	Pending
ExactRemainingBudget	normalize	Pending	Pending	Pending	Pending	Pending	Pending
ExactRemainingBudget	inputFrame	Pending	Pending	Pending	Pending	Pending	Pending
OneUnitOverBudget	normalize	Pending	Pending	Pending	Pending	Pending	Pending
OneUnitOverBudget	inputFrame	Pending	Pending	Pending	Pending	Pending	Pending
RawTextOverTwiceBudget	normalize	Pending	Pending	Pending	Pending	Pending	Pending
RawTextOverTwiceBudget	inputFrame	Pending	Pending	Pending	Pending	Pending	Pending
BlockTotalOverTwiceBudget	normalize	Pending	Pending	Pending	Pending	Pending	Pending
BlockTotalOverTwiceBudget	inputFrame	Pending	Pending	Pending	Pending	Pending	Pending
BlockCountOverBudget	normalize	Pending	Pending	Pending	Pending	Pending	Pending
BlockCountOverBudget	inputFrame	Pending	Pending	Pending	Pending	Pending	Pending
SupplementarySplitCaret	normalize	Pending	Pending	Pending	Pending	Pending	Pending
SupplementarySplitCaret	inputFrame	Pending	Pending	Pending	Pending	Pending	Pending
SplitSurrogateBlocks	normalize	Pending	Pending	Pending	Pending	Pending	Pending
SplitSurrogateBlocks	inputFrame	Pending	Pending	Pending	Pending	Pending	Pending
UnsupportedScalar	normalize	Pending	Pending	Pending	Pending	Pending	Pending
UnsupportedScalar	inputFrame	Pending	Pending	Pending	Pending	Pending	Pending
BlockMismatch	normalize	Pending	Pending	Pending	Pending	Pending	Pending
BlockMismatch	inputFrame	Pending	Pending	Pending	Pending	Pending	Pending
EmptyBoundaryBlocks	normalize	Pending	Pending	Pending	Pending	Pending	Pending
EmptyBoundaryBlocks	inputFrame	Pending	Pending	Pending	Pending	Pending	Pending
CommittedCapacityAtZero	normalize	Pending	Pending	Pending	Pending	Pending	Pending
CommittedCapacityAtZero	inputFrame	Pending	Pending	Pending	Pending	Pending	Pending
CleanFrameNoComposition	inputFrame	Pending	Pending	Pending	Pending	Pending	Pending
CleanFrameActiveComposition	inputFrame	Pending	Pending	Pending	Pending	Pending	Pending
CommittedCanonicalEdit	inputFrame	Pending	Pending	Pending	Pending	Pending	Pending
CommittedNewlineEdit	inputFrame	Pending	Pending	Pending	Pending	Pending	Pending
